reach_diff,5f_win_diff,5f_loss_diff,5f_finish_diff,5f_finished_diff,5f_opp_win_diff,strpm_diff,tdpm_diff,result
-1,1,-1,1,1,-9,-2.262678062678063,0.05356125356125356,1
-2,1,-1,0,0,-30,-2.3726042476042473,0.0383644133644134,1
-4,0,0,0,0,-24,0.9102213086641218,-0.3023620636617467,0
9,2,-2,0,-1,-26,1.4164191750278707,0.0,1
7,0,0,-1,0,14,-0.2262133120791594,0.0,1
7,3,-3,0,0,29,-1.0168834422181492,-0.07722007722007722,1
8,0,0,-2,0,41,-4.975388860902796,0.0,1
2,1,-1,-1,-1,4,0.049348117460704444,0.0,0
4,0,0,-2,0,-29,-0.6098445320928922,-0.032862272059993994,0
0,1,-1,-1,0,-9,1.087598971070605,0.0263042525208242,1
4,0,0,-2,1,-3,2.4117728018633207,0.025355989624689004,1
-3,4,-4,2,-1,-44,-0.037355199791748284,0.07028504490433424,1
2,2,-2,-1,-1,-11,-1.8184234502695635,-0.29236112538276576,1
-1,0,0,-1,0,22,-0.7691442172454828,0.022222222222222223,1
-5,3,-3,1,-2,-4,-0.13444909344490874,-0.08396094839609484,1
1,1,-1,2,-1,-2,1.3429452251491516,-0.030030030030030033,1
0,3,-3,1,1,9,1.2279105193517754,0.07439553626782393,1
-1,-1,0,-1,0,-8,-1.991292332559898,0.18084486968914842,0
-5,0,0,-1,-1,-14,-1.5814263798779122,0.3854389721627409,1
-1,0,0,0,0,2,-2.207125297537753,-0.17208413001912046,0
0,-1,1,0,2,2,0.2797682579056868,-0.025094102885821836,0
-2,-3,3,-1,1,-12,-0.4893669941549561,0.0,0
-4,0,0,-1,1,-29,-0.0778722508002585,0.10752973812988956,0
-4,0,0,2,0,-29,-0.7665955525417236,0.05490173242649127,1
-3,-1,1,-2,1,-19,0.01483962604142297,0.12919896640826872,1
-1,-2,2,-2,1,-24,-2.006974858069748,-0.06763990267639902,1
-5,0,0,-1,-1,-14,-3.1934050695902156,0.29571217348447515,0
-3,-1,1,-1,0,27,-3.5694252180485604,0.10627478789628789,0
5,0,0,3,0,-11,2.7561025086212725,-0.34214618973561434,0
-3,0,0,0,-1,-13,-7.314441030308963,0.20295983086680763,0
-3,2,-2,1,-1,-18,-3.4944570135746607,0.15305429864253395,0
0,-1,1,2,1,9,-3.15104611009547,0.09786715417428397,0
5,1,-1,-2,0,-7,3.909474006601858,0.1503567498894019,1
3,2,-2,-1,-2,-48,0.6191452991452997,0.13367521367521368,0
0,1,-1,0,0,-17,-4.803904473426391,-0.2614487178334846,1
-2,3,-3,3,-2,-35,1.556688264938805,-0.09520518358531317,1
0,3,-3,2,-2,-6,-1.9294389820705606,0.15037593984962405,1
-1,3,-3,2,-1,-29,1.2215050041154862,0.11656143759106363,1
5,0,0,1,-3,-13,-1.6667703876572024,-0.054479450278750174,1
5,0,0,2,-1,-10,-1.1922381416052303,0.006885519543747401,0
0,1,-1,1,-2,-8,0.3667992574913823,0.047414478918058875,0
-5,0,0,2,-1,-7,-2.6895000221425085,0.04951950755059563,1
3,0,0,2,0,-19,-2.149911485993959,0.05623242736644799,0
-1,0,0,0,0,-1,-1.3087394745857452,0.0037143217756621764,0
0,1,-1,1,-1,-10,-0.912207986267072,-0.04780731207279165,1
-10,1,0,-1,0,0,-4.516632271153242,-0.16390919584455566,0
0,4,-4,1,0,-18,0.37108066971080667,0.15251141552511416,0
-1,-1,1,-1,-1,13,-0.4373611838298106,-3.857918377470071e-05,0
-13,0,0,-2,-2,-6,0.34514428146869935,0.022222222222222223,0
3,2,-2,1,0,-9,2.569490959122595,0.08958136001651677,1
-1,1,-1,4,-1,-8,-2.218885339013135,-0.022222222222222223,0
0,0,0,0,-2,4,0.6722947451584069,0.026246719160104987,1
-2,-1,1,1,0,6,3.4798383132767006,-0.18597442851607904,0
1,2,-2,1,-3,-23,0.6458616010854814,-0.08264462809917356,1
-3,-1,1,-2,0,14,-2.3710129601849355,0.0,0
-6,-1,1,0,0,23,4.243030899316992,-0.055325034578146616,0
6,2,-2,2,-4,-49,3.234025418119236,0.0,0
-1,0,0,-2,0,-35,-3.8716302445759023,0.28511087645195354,0
-8,1,-1,0,1,4,-1.3385594332196273,-0.3276699029126213,0
-10,-1,1,-1,1,29,0.0809941025206724,0.0,0
3,0,0,-3,0,-6,2.3925415949512336,0.020042073054121257,0
0,-1,1,0,0,-22,0.12490776998178887,-0.1628222523744912,1
2,1,-1,0,-2,-3,-0.21479974799038093,-0.3026481715006305,0
-2,5,-5,5,-3,-14,3.343283582089553,0.255863539445629,1
2,0,0,0,-3,-27,-1.0641880994822168,-0.4389270859859095,0
8,0,0,-1,0,-57,2.881372901427459,0.4342581423401689,1
0,1,-1,0,-2,-40,1.8485275466254243,0.3819918144611187,1
4,0,0,0,0,24,-0.9102213086641218,0.3023620636617467,1
3,1,-1,0,-1,24,-1.693544114564498,0.5191059841384282,1
0,0,0,1,0,1,-2.8551135289387237,0.3569600915592551,1
1,1,-1,1,-1,-14,0.738762413007827,0.43735705583432816,0
2,1,-1,-1,0,-20,0.7508373181992427,0.3730017761989343,1
-3,-1,1,0,0,-5,-4.2192419001905845,0.13129102844638948,0
-5,-1,1,-1,-1,-1,-5.461672920132909,0.021096300127346257,1
-4,0,0,1,0,-15,0.288888888888889,0.06666666666666668,1
-3,-1,1,-2,0,-8,-1.9714533924072628,-0.029623838067935032,0
-6,0,0,-1,0,-16,-2.313928012519562,0.18608402552064518,0
2,1,-1,1,-1,-18,3.5663965289213464,-0.10122311261071278,0
-5,0,0,0,-2,2,0.7578974736750874,0.0,1
1,-1,1,-4,1,-59,-4.001691069727995,0.08823174361773363,0
2,-1,1,-4,1,19,-5.794800235456524,0.12979989183342347,1
-8,1,-1,0,-1,-8,-1.7807600405878694,0.21206070723271467,0
-7,0,0,-1,1,7,-0.7825522690978373,0.23334952857386118,1
0,0,0,2,1,-21,1.8520487264673324,-0.17777777777777778,0
2,-2,2,-1,1,1,-0.4205802528060696,0.04697183979203469,0
5,1,-1,1,1,-7,-0.24834917083113028,0.23986293546544832,1
0,1,-1,1,1,-7,-1.3190938511326864,0.17319626879878164,1
1,2,-2,1,-1,-5,1.5750113999088013,0.06639306885544921,1
-2,1,-1,0,1,-14,7.766590119531296,-0.04357298474945534,1
4,0,0,2,0,-1,2.739401999149763,-0.03253796095444685,0
0,4,-4,4,-1,-37,2.377622377622377,0.0,0
3,1,-1,1,1,5,2.8439571539061923,0.05016722408026756,1
5,2,-2,2,-1,-19,2.8696276043868636,0.03607937462417318,1
3,0,0,0,1,13,7.314441030308963,-0.20295983086680763,1
5,0,0,-1,0,-23,5.4162481404942895,0.0,0
0,1,-1,1,0,-2,4.4187957418496335,-0.022222222222222223,0
0,0,0,1,1,-11,-1.114420857165507,-0.05263296971502285,0
6,0,0,-1,-1,-25,0.8708537668455807,-0.1623326474660606,0
3,0,0,-1,0,-13,-0.49452133794694353,-0.0792964244521338,0
2,0,0,1,0,-7,2.3618114522098845,-0.1111111111111111,0
-7,0,0,1,1,2,-2.6237814142989686,0.0,1
-3,2,-2,3,0,-4,-2.0130268199233714,0.12145593869731802,1
1,0,0,0,-1,-14,4.027609997774064,-0.14057993854738254,0
0,0,0,1,0,-26,-2.6176672844516817,0.027127520105352382,0
-2,0,0,0,0,-14,-0.8284785000239154,-0.08469890467307598,1
2,-1,1,-1,2,11,2.895097438938013,0.0,0
-1,1,-1,1,1,-4,0.8950343358590618,-0.028851274143267623,0
-1,-1,1,0,-1,-23,1.2646216598250568,-0.07957479436049635,1
0,1,-1,2,1,-47,0.43888103096023867,0.0,1
0,-1,1,0,0,-6,-2.6801944096891015,-0.16538037486218302,1
4,-1,1,2,0,1,0.5589074189735679,-0.034158838599487616,0
6,2,-2,3,0,22,1.462444145201685,-0.19370460048426152,1
0,-1,1,1,0,34,-0.045297289435134225,-0.27282266526757604,1
-1,0,0,1,1,-11,-2.092009830007833,0.0778627506083962,0
-5,0,0,-1,0,-15,0.4070323488045009,-0.059915611814346,1
-2,-2,2,-1,1,-27,0.7626071669845444,-0.18537664428461414,0
-5,0,0,1,-1,5,-2.22196596643986,0.026009736728934117,0
5,0,0,0,0,-10,-1.7175293751748437,0.054570259208731244,1
6,0,0,-3,0,-16,-3.5598141695702665,-0.1580332946186605,0
7,1,-1,0,1,1,-2.168738229755179,-0.044444444444444446,0
0,-2,2,0,1,-11,0.16790123456790162,-0.18271604938271604,0
2,-2,2,-3,0,-2,0.8071616749861339,0.06944444444444445,0
1,1,-1,1,1,-29,0.8264556479449376,0.07470145178407675,1
-1,-1,1,-1,1,15,-0.5509057050956487,0.03300039501156821,0
-1,0,0,-1,0,22,1.8582014908639235,-0.1626207266369507,1
-5,-1,1,1,0,22,1.2848571801226032,0.09943915481935567,1
-2,-2,2,-2,1,11,0.7252232309414244,-0.05257555030468852,1
4,2,-2,1,0,-13,1.5258598473585088,0.013618792744573296,1
5,1,-1,2,0,-12,-0.6666666666666665,0.022222222222222227,0
4,2,-2,2,0,-19,-0.7099415204678361,0.09122807017543862,0
4,0,0,-1,1,-13,0.6678270247738909,0.11011522100328235,1
3,-1,1,0,1,2,-0.04846379692255631,0.15219950514007746,1
-2,0,0,-1,0,11,0.1300223095395352,-0.17348482312157026,0
3,1,-1,1,0,-22,-2.4978672079545783,0.11107328819799037,0
0,2,-2,1,0,-24,-0.382521521022527,0.13863301853891516,1
3,0,0,2,0,28,-2.494955640511064,0.11503500631112484,1
5,1,-1,1,2,5,-0.3766694754962767,0.35229413870796245,1
-5,-1,1,0,1,26,-2.607709750566894,0.23966192537621103,1
0,0,0,-2,1,36,-6.513920282264733,0.2727272727272727,0
4,3,-3,0,-1,-23,-4.450038864151759,0.0024173235287047144,1
-1,3,-3,1,-1,-8,-0.8174962047718406,0.0,1
2,2,-2,1,0,-22,-0.20623547469687153,-0.01729605073508216,0
1,-1,1,0,0,3,-0.3120727370377203,0.003792958784748543,0
1,1,-1,2,-1,-38,1.8604167440478405,0.07209449169854774,0
1,1,-1,3,0,-23,0.6185421089879686,0.16588818117480536,1
-2,-2,2,0,2,-13,-0.42364936130317554,0.1281300050783234,0
0,-1,1,2,2,5,-0.9623931623931625,0.16239316239316237,0
5,0,0,2,0,8,-1.170247771587011,0.2193841976281305,0
-1,1,-1,-2,1,-40,0.9654416074092151,0.14346717510273108,0
0,2,-2,-1,-1,-10,-0.7068592668980531,-0.32830284513740854,0
2,0,0,1,0,-23,-1.0213314014328265,0.0,1
0,1,-1,-1,0,-11,1.1776927820464804,0.0,1
-2,2,-2,0,1,-9,4.222222222222221,-0.022222222222222223,1
-8,0,0,2,0,-41,4.975388860902796,0.0,0
-2,0,0,2,1,4,3.2039219820769635,-0.2,0
3,2,-2,1,0,-42,0.7747364783134612,0.16440297217902194,1
4,1,-1,0,-1,-19,0.1428640360482083,0.02541042324723386,0
-4,0,0,-1,0,-13,0.7991182143841273,0.4376205566271699,1
0,0,0,0,1,-40,2.2804204122810985,0.49523045880953454,1
2,2,-2,1,-1,-22,-1.3957470241877408,0.3758207311390689,1
-2,3,-3,1,-2,-14,-0.10699300699300629,0.24965034965034963,1
-4,0,0,-1,0,11,1.137435897435898,0.07487179487179488,0
-2,1,-1,-1,1,26,3.670222982721443,0.2292134831460674,1
-2,0,0,-2,0,28,0.11339413781843888,0.020839864875624305,1
-6,-1,1,-1,1,-8,-0.35813368973779847,0.2507027917053696,0
0,-1,1,1,1,-33,-3.1364700853430936,-0.12028267113478772,0
-1,2,-2,3,-1,13,1.1686669586800993,0.18204117389399913,1
-2,2,-2,2,0,-33,1.8946612672641274,0.8241436425813847,0
-4,0,0,-2,1,-22,3.021450159816193,0.331537062136246,0
3,-3,3,-1,1,-8,-1.7499355466985855,-0.12743509358140825,0
-1,0,0,0,0,-17,3.206418666677314,0.20849886407646823,0
1,0,0,1,-2,-5,-0.06679029516303459,-0.016782568382012045,0
1,1,-1,0,-1,-37,0.028279654359780082,-0.08788872972598308,0
1,1,-1,1,0,-21,0.07623002068069962,0.06300399185597258,1
-1,0,0,1,0,-19,-0.6709962307577926,0.10468860111331647,1
-3,1,-1,0,-1,-2,0.04846379692255631,-0.15219950514007746,0
-4,-1,1,-1,1,28,-0.5775871515799715,0.08256880733944953,1
-3,1,-1,1,0,-9,0.7098243733509237,-0.040093172823219,0
2,-1,1,1,1,4,-0.9626570915619386,-0.2,0
2,-2,2,-2,1,13,-2.451271409057477,0.06980928864137859,1
-1,0,0,0,1,14,-4.027609997774064,0.14057993854738254,1
2,-1,1,2,1,2,-1.1927081167255844,0.23277188604699522,1
3,0,0,1,1,-27,-1.150470366886172,0.2322201317027281,1
-4,2,-2,1,-1,-43,-1.0324536209783792,0.2340702210663199,1
-4,-1,1,-1,-1,11,-0.2555217997322634,-0.03977859762940773,1
4,1,-1,0,-1,-41,1.2978850295433202,-0.06414490032580492,0
2,-1,1,-4,0,-15,-0.3463639355051007,-0.34794340243501154,0
5,1,-1,-1,1,1,3.0218978845797944,-0.2698650674662669,1
-3,0,0,0,0,-10,0.13792634165319306,0.20971194340937233,1
1,0,0,0,-1,0,1.2721474838066766,0.1111111111111111,1
2,1,-1,1,0,-23,0.4864287998183956,-0.01835423676965433,1
-1,0,0,2,0,-2,0.21111111111111036,0.0,1
-2,1,-1,2,0,-15,0.4552019107926455,0.04249291784702549,0
-1,-1,1,-1,1,-18,0.6135470570911687,0.13333333333333333,0
1,0,0,-1,-1,10,0.18582629060177114,-0.03278688524590164,0
0,-1,1,-1,0,-18,-0.4566735669097879,-0.029600108340265822,1
2,1,-1,0,1,-3,-0.5575343188708346,-0.012208780705200761,1
-1,0,0,-1,-2,-18,-0.9896713615023471,0.2222222222222222,0
-5,0,0,-1,-3,20,0.22287104622871023,0.031792376317923754,0
3,-3,3,-1,2,3,1.600936523182126,-0.28110359187922956,0
0,1,-1,3,0,-14,-0.9891892321151805,-0.15833976358724783,0
-1,0,0,1,0,-14,0.29161936560934887,-0.12033388981636058,1
-1,-1,1,0,0,10,-4.165484052015061,0.02348347112990433,0
-3,0,0,-1,-1,11,0.020206844542081992,0.01975633849193283,1
1,-2,2,-2,0,27,-0.86082390010503,-0.07916909791107479,1
-2,-1,1,1,-1,-1,-0.3478086924895436,-0.021022004000727408,0
-2,-2,2,1,-1,10,-1.5126563649742457,-0.6169977924944812,0
-5,-2,2,-2,1,-17,-0.8555363874512811,0.010693784489977098,0
0,0,0,0,0,-19,1.205234881963217,0.09874643370261676,0
-1,-1,1,-1,1,-10,-0.4730485819057977,0.11402862021114744,1
-1,0,0,0,1,0,-0.26555265268113515,-0.09964044595049018,0
2,1,-1,2,-1,12,-1.0344811857453102,-0.09102911401065833,1
-1,2,-2,2,0,-40,9.044477028347995,-0.05376344086021505,0
-3,0,0,0,-1,0,-0.053331960037079185,-0.05639097744360903,0
0,1,-1,1,0,18,0.4566735669097879,0.029600108340265822,0
2,2,-2,-1,1,-10,1.5126563649742457,0.6169977924944812,1
4,3,-3,0,-1,-14,0.666666666666667,0.42222222222222217,1
1,0,0,1,-1,-18,-0.10101010101010122,0.07676767676767676,1
-2,0,0,-3,-1,-34,2.175426713627743,0.2783870998954987,1
-2,0,0,1,0,13,0.050669246895661324,-0.17958393807450412,0
-2,-3,3,-1,0,9,-0.007034721785332376,0.010659869221926327,0
4,-1,1,1,2,-7,1.9697841602107995,-0.031185031185031183,0
5,1,-1,-1,-1,-9,-1.339896126820327,0.21148036253776434,0
-2,1,-1,1,1,-10,0.3418062776814943,0.17862507221259386,1
0,-3,3,-3,1,-12,-0.17962831439393945,-0.16512784090909094,0
-2,-2,2,-2,0,20,-1.77697081541232,0.03348563094369947,1
-2,-2,2,-1,1,1,0.22649572649572658,0.4728826728826728,0
-2,-1,1,0,2,3,0.21479974799038093,0.3026481715006305,1
-3,0,0,1,0,-5,-2.0481444493909753,0.1474333521836259,1
0,-2,2,-1,1,-7,-1.560158382307713,0.08713085842747523,0
2,1,-1,-2,-2,9,-0.1860082304526749,0.13662551440329218,0
-1,1,-1,0,0,-23,-1.930404594020383,0.028943560057887122,0
-3,1,-1,1,-2,6,-1.958016257350398,0.011503486318702325,1
0,-1,1,-1,0,9,-1.3408064359384968,-0.19292604501607716,1
-5,0,0,1,0,23,-5.4162481404942895,0.0,1
5,0,0,0,2,-5,3.6128749887213,0.19629225736095965,1
4,0,0,2,2,-4,3.7484690034926125,0.04701688431832149,1
3,0,0,2,0,-14,0.014222378297703786,-0.11483253588516748,0
0,0,0,-1,1,-5,0.1250630358043363,0.05486636409480583,0
-3,0,0,0,0,0,-4.998822806019003,0.13468013468013468,1
1,0,0,0,1,-14,-1.9164983164983165,0.12502805836139172,1
-2,0,0,-1,1,1,-3.2,0.17777777777777778,1
0,-1,1,0,1,-3,-3.0888888888888886,0.08888888888888888,1
4,1,-1,1,1,0,-0.4476354347748961,0.0276279845318764,1
3,0,0,-1,0,5,2.0481444493909753,-0.1474333521836259,0
8,0,0,-1,1,9,1.4345596190983754,-0.050697084917617236,0
5,0,0,-2,1,7,2.6895000221425085,-0.04951950755059563,0
6,0,0,-2,1,3,-0.039150423648314,0.025806451612903226,0
4,1,-1,-1,1,-17,-0.9990796676422324,0.2523227911025222,0
-2,1,-1,-2,0,2,-4.291970424627717,0.3008499464464637,0
-2,2,-2,2,-2,3,0.32601632879014186,-0.05796936437858138,1
0,-2,2,1,0,19,-2.3086315346814397,-0.046172862601527344,0
0,-1,1,1,1,1,-0.5384482460687745,-0.022222222222222223,1
-4,2,-2,1,-2,-11,1.0970170058544744,-0.3715170278637771,1
4,0,0,1,2,-11,-2.637737303652308,0.015187433747711268,0
1,-2,2,2,1,1,4.271663097787295,-0.1365691172971687,1
-2,-1,1,2,2,-10,-2.2381939946399814,-0.5098732492289774,0
1,0,0,0,0,-4,-2.967266215998713,0.12232415902140671,1
2,2,-2,1,-1,-1,-0.22649572649572658,-0.4728826728826728,1
3,0,0,1,0,-8,-0.9564949836475898,-0.21455191630884962,1
3,0,0,0,-1,26,0.3810364065703089,-0.0711523989931754,1
-2,2,-2,3,0,42,0.7599990925383979,0.016089992269125192,0
5,0,0,1,3,-20,-0.22287104622871023,-0.031792376317923754,1
6,1,-1,2,0,6,0.34247988446461797,-0.06062433543349571,0
1,0,0,0,0,-2,2.207125297537753,0.17208413001912046,1
2,0,0,3,1,-27,0.5737870195337114,0.03780718336483932,1
2,0,0,0,1,10,-2.7829842254978017,-0.029583656581329193,1
-1,-1,1,-1,0,-6,2.622222222222222,-0.04444444444444445,0
1,0,0,-1,-1,-6,-2.8036940563580397,0.12108816276469606,0
0,0,0,1,-1,5,-0.1250630358043363,-0.05486636409480583,1
-1,0,0,0,0,15,-3.198735644732806,0.1283764229628821,0
0,1,-1,0,0,9,0.15813953488372112,0.017054263565891473,1
-1,-1,1,-1,0,16,-3.21896323454527,0.07833791628475405,1
0,-2,2,0,0,13,-3.6444444444444444,-0.06666666666666667,0
-3,0,0,1,1,17,0.7399239469388155,-0.045749142203583684,1
-6,-2,2,-1,2,9,0.1290475766479675,0.0,1
0,-1,1,1,1,25,2.568751888788154,-0.2901178603807797,0
-5,0,0,0,0,-38,0.2926680428806563,0.18882769472856017,0
2,2,-2,4,-3,-23,-2.3429480703776275,-0.015816674816099774,0
3,1,-1,2,-1,-27,-2.1063346056775756,0.07884362680683311,0
2,0,0,1,0,-15,-0.9795144157814866,0.031851873467958446,0
1,2,-2,1,-1,-39,1.3613958405093065,0.01597063158000529,1
2,1,-1,0,-1,-10,2.826992071816665,-0.0025943244108991848,1
-2,0,0,-3,0,-8,-1.6880256835754892,-0.10427944311612063,0
-3,0,0,3,0,-30,1.1011588309795473,-0.17641293694870958,1
-2,1,-1,-1,-1,6,-1.4343103094896499,0.21964357975835738,1
-2,0,0,2,0,-10,-0.7570897361229334,0.12136553021818018,0
-3,0,0,2,0,6,-1.6339608070277052,0.09740322424944492,0
-3,2,-2,-1,0,-38,1.7816927858770901,-0.07281396684076388,0
-3,3,-3,1,-2,5,0.9208705836248794,-0.06484056102416676,1
1,-1,1,-1,1,-1,-2.0146419647997225,0.07634035298766195,1
1,-1,1,1,1,1,-0.8756057534511053,0.22004054445409787,0
-4,2,-2,1,-1,-42,-2.3549230954355065,0.5284335073459479,1
-6,3,-3,3,-2,-41,-0.11292731738138517,0.3902807849606489,0
-3,0,0,2,1,-19,-1.774912655064901,0.5129165468898569,1
1,0,0,-2,-1,7,-1.6394319131161241,-0.03007518796992481,1
-2,-2,2,-2,0,8,1.1980408777347447,-0.13654984069185253,0
-6,-2,2,-4,2,-45,1.2082376632111052,0.02945103813929048,0
-4,-1,1,1,2,-15,0.6850574712643676,0.26206896551724135,0
3,0,0,1,2,-5,0.9022386493858643,0.182707361557209,0
-4,1,-1,1,0,-11,0.9958500931177878,-0.07238951298121488,1
2,1,-1,2,0,-27,-0.08817215661603317,-0.24780410029342692,0
-1,-1,1,-1,2,-11,-1.5495408622956668,0.2551373430814316,1
6,0,0,0,1,-18,0.6231593038821956,-0.017328573553473153,0
3,0,0,0,0,0,4.998822806019003,-0.13468013468013468,0
-6,-1,1,-1,1,13,1.4274914276060375,0.0,1
1,-1,1,-4,1,8,2.218885339013135,0.022222222222222223,1
4,1,-1,0,-1,12,-1.5567825494205865,0.06666666666666667,1
4,1,-1,2,1,-20,-0.6810127706981333,0.0,1
0,0,0,0,2,11,-0.15677321156773205,0.0,0
5,0,0,1,0,-5,-1.4078095267007873,0.0,0
2,-1,1,0,3,0,-1.1857261200605733,-0.05002084201750729,1
6,1,-1,1,-1,-27,-0.4321783811813513,-0.02868995427332296,0
4,-1,1,-2,0,1,0.25093236235242156,0.2,0
0,0,0,-2,-1,-2,2.6034789987271956,0.1902984019233489,0
5,-2,2,-2,0,24,-0.11581695821125937,0.14268727705112963,1
1,1,-1,2,-2,-31,0.20628103765612904,0.012407169849840631,1
2,3,-3,3,-2,3,-2.5894682821608708,-0.06366821961526434,0
-4,0,0,1,0,-45,3.993584487174392,-0.09054325955734406,0
-8,0,0,1,-1,-9,-1.4345596190983754,0.050697084917617236,1
1,2,-2,0,-2,19,-0.8967160064721038,-0.24324324324324323,1
0,1,-1,1,-2,-36,1.611989346137975,0.2067599504820497,0
0,2,-3,3,-2,-40,1.553873603155226,0.06479481641468682,1
2,2,-3,1,0,-24,3.1199551389890248,-0.04681566931026196,1
3,1,-2,1,0,-44,1.615211511414043,0.07938980850373255,0
2,2,-2,-1,1,13,-0.782190720674766,0.12355768654258936,0
-3,1,-1,0,0,-33,1.3093964858670732,-0.09523809523809523,0
1,0,0,0,1,0,-2.786061125392746,-0.06169665809768638,0
0,-1,0,1,-1,-54,-0.9852923000865159,-0.11123470522803114,0
0,0,0,0,-2,-11,0.15677321156773205,0.0,1
2,0,0,2,-2,-11,0.48299570288520544,-0.10570902394106814,0
5,0,0,-1,-1,-10,0.4978457358716222,0.032555615843733045,0
2,-1,1,0,1,6,1.5464589615558335,-0.05156816544786417,0
0,0,0,1,0,-63,-0.992304769307915,-0.03050330452465684,0
0,1,-2,3,1,2,0.6598785280457311,-0.0690246516613076,0
-3,-1,0,-1,-1,-16,-1.953207419420869,-0.05272874710670928,1
-3,1,-2,1,-3,7,-0.8662169289005726,-0.025778811283218732,0
-3,0,0,1,0,-1,0.7505057111987963,-0.036485253876558224,0
-1,-2,2,1,1,35,-1.1624896565915424,-0.12652889076339097,0
-1,0,0,-1,-1,3,1.9047396366116225,-0.05079643431243608,0
1,2,-2,0,-1,-42,-2.068718905836716,0.1421634805089578,0
-5,1,-1,-1,-1,23,-0.8682038144036439,0.037650630989657465,1
1,1,-1,0,-1,-16,1.0223240934309437,0.023412002139639926,0
-1,1,-1,1,2,-36,4.146139359698681,0.1404554014723506,1
3,0,0,2,1,-33,-2.44195688225539,0.23540630182421224,0
5,0,0,-1,-1,-2,3.1428571428571432,-1.0476190476190477,1
-3,1,-1,0,0,-7,3.8049914094639634,0.0,1
2,-1,1,-1,-1,10,-0.3418062776814943,-0.17862507221259386,0
-5,-1,1,0,-1,-7,3.511111111111111,-0.15555555555555556,1
6,1,-1,2,0,-16,-0.9388535031847134,-0.012597310686482663,1
4,1,-1,3,0,-43,0.5426877470355733,-0.007378129117259553,1
4,1,-1,1,0,23,1.2102170071673908,-0.06978775785732724,1
0,1,-1,3,-1,-14,1.586700169636873,0.12371134020618559,0
-1,1,-1,2,0,23,2.721804444060358,-0.03179650238473768,1
5,1,-1,3,1,-28,3.984871794871795,0.0,1
5,0,0,1,1,12,3.018799603174603,0.0,1
3,0,0,-1,0,-2,0.4041353263891043,0.0018489297198913887,0
3,-1,1,0,0,33,-1.3093964858670732,0.09523809523809523,1
5,-2,2,-3,1,20,2.863675639747424,0.029112662013958124,0
5,-3,3,-1,2,4,0.13444909344490874,0.08396094839609484,0
-1,-1,1,0,0,-30,1.8825657005323415,-0.11879064036133631,0
1,1,-1,0,-2,-28,1.9919413286488412,0.06973942509371385,1
-4,4,-4,1,-2,-21,-2.710347643341047,0.06235941956304929,1
-1,2,-2,-2,0,-11,-1.4324733402132779,0.06666666666666667,0
-1,1,-1,-2,-1,-15,-0.17414399891653787,0.02477291494632535,0
1,-1,1,-2,-1,-19,-1.9543358609424892,-0.02971768202080238,0
0,1,-1,-1,0,-8,-1.4065328610783152,-0.15904499540863176,0
-1,2,-2,-1,0,-30,-2.5938930027456544,-0.003910475081121568,0
2,-2,2,0,2,3,-0.5158136860264522,-0.044444444444444446,1
4,1,-1,0,0,-8,1.533867899441569,0.27887168367868753,0
1,1,-1,-1,-2,-21,1.8910844549703052,-0.5003299375378525,0
-2,-1,1,1,-1,-3,-0.3621859330169199,-0.05421929048346874,0
3,1,-1,0,-1,2,-2.161886336154777,-0.11843611446997179,1
0,1,-1,-2,0,6,3.3125952065872664,-0.10566681370386707,0
5,0,0,-1,1,2,2.0804147206208556,-0.08360427310729215,1
-1,0,0,-2,1,5,0.8242785974882203,-0.09111617312072894,0
3,-1,1,0,0,5,-0.08205128205128176,-0.1111111111111111,1
-4,1,-1,1,-1,-8,1.5999640861035669,-0.06733855581243968,0
0,0,0,3,1,-6,-2.354354755021867,-0.0044177599881402435,0
-2,-1,1,0,2,-8,0.6461072724437855,0.036426839773877645,0
-2,-1,1,0,0,-18,-1.7429917550058893,0.23425206124852763,0
2,-1,1,0,1,-12,1.143287560113564,-0.2565038530621705,1
2,0,0,-2,0,-12,-1.399333909617064,-0.06876790830945559,1
2,0,0,0,1,6,1.1815443490219821,-0.11158128296052372,1
2,1,-1,1,0,2,0.5305356209305634,0.060453400503778336,1
-2,-1,1,-1,0,-7,0.7821073864510515,0.0821167883211679,1
1,0,0,-1,0,19,0.6709962307577926,-0.10468860111331647,0
-3,2,-2,-1,-1,-6,1.2366905464250597,0.006517769349627757,0
1,-1,1,-2,-1,36,-1.5800162469536962,-0.19925986099828505,1
3,-2,2,-1,0,30,2.0931928853233046,-0.3048347110260187,0
2,-4,4,0,2,18,2.1640444264852423,-0.14284541366891998,0
-1,-2,2,1,2,32,0.5995632915340945,-0.16631106120157216,1
-5,0,0,0,-2,5,-3.6128749887213,-0.19629225736095965,0
-6,0,0,2,-1,-3,0.039150423648314,-0.025806451612903226,1
2,-2,2,1,1,-17,1.6859527256617284,0.19071837253655435,0
6,0,0,2,0,-25,-0.6338753101409496,-0.12634944306604023,1
1,0,0,2,0,-4,-1.6940149071086887,0.087607075314273,0
0,0,0,2,0,-10,-2.685988560089535,-0.0400266844563042,1
4,0,0,2,1,-17,1.545828434053215,-0.022354694485842028,1
3,-1,1,-1,1,-14,1.6237250497069233,-0.060422960725075525,0
-1,2,-2,2,-1,-28,6.309249287007057,0.09630818619582665,1
-1,0,0,1,0,-25,0.6795139635626288,-0.07852263766423954,0
4,2,-2,2,-1,-9,-0.25740325844257894,-0.03230746388549956,1
1,2,-2,2,-1,-1,0.901840033308269,0.12569832402234637,1
6,1,-1,-1,0,-4,0.7541409101807028,0.10113404599818608,0
-1,-1,1,0,0,4,-1.5514697690850867,-0.36113499570077384,0
1,2,-2,2,-1,-13,2.403331814928093,-0.09917355371900827,1
1,-2,2,2,0,11,1.4324733402132779,-0.06666666666666667,1
3,2,-2,2,0,-14,0.08976414546299605,0.02091321017776229,0
-2,-2,2,-1,0,22,0.20623547469687153,0.01729605073508216,1
2,0,0,2,1,-1,0.5840972283628578,-0.1306727188768041,0
-3,0,0,2,0,-39,-0.08887365775645328,-0.4716964552468322,0
-3,0,0,0,0,-12,-0.08981516727995675,-0.17140379816436158,0
-5,1,-1,1,-1,-33,1.5372661500920417,0.14715955306305922,1
-5,2,-2,0,0,-59,0.8513222113082448,0.1684610780281171,1
-7,1,-1,-2,0,-18,-0.09615384615384581,0.0,0
3,1,-1,1,1,1,-1.0858149215497916,0.061799551713096396,1
-2,1,-1,0,1,-1,2.311111111111111,-0.08888888888888889,1
-1,2,-2,0,-1,-8,2.822222222222222,-0.06666666666666667,0
-10,-1,1,-2,1,-14,-0.9689778840406453,0.1686192468619247,0
0,1,-1,-2,0,-17,-4.489820150165881,0.2352365985681858,1
6,1,-1,1,-1,-13,-1.4274914276060375,0.0,0
10,0,0,1,0,6,0.12688620258440952,-0.1111111111111111,0
7,0,0,-1,-1,-2,2.6237814142989686,0.0,0
0,2,-2,0,-1,-20,2.28696397776429,0.2566066456641329,0
0,1,-1,0,-1,-19,0.7103448275862072,0.12109270040304523,0
-3,1,-1,1,-1,-35,-2.514051208850031,0.038711128867718866,1
0,0,0,1,-1,-9,0.3497895832390605,-0.11131725417439703,0
-1,1,-1,0,0,-6,-1.899176810315439,-0.05655042412818096,0
-1,-1,1,-1,1,5,0.2538908246225322,-0.0878823073945025,1
2,-1,1,-1,1,-4,2.1819282079493894,-0.2606519048273965,0
2,-1,1,-1,1,3,4.376387440621017,-0.07982852508399954,0
-3,-1,1,0,-1,18,0.7631322007420427,-0.05272407732864674,0
0,1,-1,3,0,-13,3.219815010242722,-0.0449438202247191,1
-1,1,-1,3,1,-5,2.5170839494250288,-0.10365355876428142,0
0,-1,1,-1,1,-1,0.9346733490545187,-0.06545579345689737,1
0,1,-1,-2,1,-5,-1.5266946816831553,0.02466091245376079,0
3,0,0,-2,-1,-1,1.36094659252554,-0.1532652269494375,1
-2,2,-2,-1,-2,8,1.0383419689119169,-0.030899670277908617,1
-5,0,0,0,1,-11,1.968164074351247,0.1539410610626808,0
-1,0,0,-2,-1,-9,0.18550724637681126,-0.1942028985507247,0
-4,-1,1,-1,1,9,2.8698908514122374,0.03758104363471075,0
-3,-1,1,-2,-1,2,-2.5816372874363522,0.02737226277372263,1
-2,-1,1,0,0,18,-2.244444444444444,-0.08888888888888888,0
-1,-1,1,-1,-1,8,1.286868686868687,0.0,0
-3,1,-1,2,0,-9,-2.0549336560487537,-0.0440852314474651,1
-1,0,0,3,0,-46,-0.10821705359658784,0.11892905770930891,0
-7,1,-1,-1,0,-5,0.08385255668951652,0.13973960417372033,1
-6,1,-1,1,-1,-2,-0.4169884169884175,-0.4008918375115559,0
-2,1,-1,-1,-1,8,-1.0993573953669658,0.06344841027084677,0
-6,-1,1,0,0,-2,1.2455755601602876,0.0010683157699533166,0
-2,-1,1,-1,1,18,-3.5663965289213464,0.10122311261071278,1
-6,1,-1,0,-2,-3,2.967364236095941,0.2059025394646534,1
-2,0,0,0,1,7,-2.9643031868782668,0.023534662558257285,1
-4,0,0,1,2,-23,-3.900910746812386,0.0,1
0,1,-1,0,0,2,3.2444444444444445,0.06666666666666667,0
2,-1,1,-2,0,4,3.2318282664747855,0.10095340888649038,1
5,0,0,1,-1,-13,1.7162255774631099,0.03914309763055769,1
1,2,-2,3,1,-16,0.6599023160548301,0.049440680636521205,1
5,0,0,0,-1,-12,0.5565237330887416,-0.024489795918367346,0
-2,1,-1,1,0,-10,4.289570915866479,-0.1330764263103846,0
-2,-1,1,-1,0,-3,2.4431907169681035,-0.05680302829393265,1
-9,1,-1,2,-2,-34,2.264201022754031,-0.09334638204504526,0
-2,-2,2,0,0,-6,-1.0981644434292788,0.025400632858181282,1
5,-1,1,0,0,-4,-2.133333333333333,0.13333333333333333,0
2,1,-1,0,0,1,-0.3537796378402276,-0.005307567964863452,0
3,2,-2,4,0,-20,1.6632008154943927,-0.04994903160040775,1
-3,1,-1,0,-1,-29,1.6314457570863587,-0.09228904120621761,1
-3,1,-1,-1,-2,-24,1.861312618788062,0.03112033195020747,1
-1,0,0,0,1,0,-1.2721474838066766,-0.1111111111111111,0
1,1,-1,0,-2,-26,-0.026523297491039433,0.11971326164874552,1
0,0,0,0,0,-25,-0.5865105677579778,0.03595109821798591,0
-9,0,0,-1,-2,6,1.227821842586943,0.0008541793776693091,0
-8,0,0,-1,-3,-18,-1.5214319359397068,0.023457371643900143,0
-3,-1,1,0,-1,-1,-0.31091952938669554,0.014671983503452134,1
-1,-1,1,2,-1,1,1.138958920361857,-0.07272727272727272,1
-1,2,-2,2,-1,40,-0.5144263971700753,0.006352570286840942,0
-9,-1,1,0,-1,26,0.2814421611394331,0.011212137138452372,0
-3,0,0,-1,-2,-30,-1.6324884164622508,0.19623875715453803,0
2,1,-1,1,1,18,1.3870067448484957,-0.053652145481280805,0
1,0,0,2,0,-9,2.4895559721939122,0.24144109395092306,0
4,1,-1,1,-1,-9,-2.8698908514122374,-0.03758104363471075,1
3,1,-1,2,0,-14,2.3710129601849355,0.0,1
4,3,-3,5,-1,-36,5.839222702157734,-0.0862895493767977,1
0,4,-4,4,-1,-41,4.903068127695551,0.0,0
-3,1,-1,1,-1,7,2.0291386082173934,-0.07868852459016393,1
1,2,-2,2,-1,-27,5.683722483858521,-0.014021967749474177,1
0,0,0,2,-1,-36,6.513920282264733,-0.2727272727272727,1
-1,-1,1,1,0,-17,-2.744321767884248,0.06696509144712924,0
6,3,-3,2,1,-36,0.7819614032810773,0.2442281807543924,1
5,0,0,0,0,-11,4.81752464026924,0.03327724166351867,1
2,2,-2,-1,0,16,3.0930808154884137,0.039289381050161346,0
4,1,-1,0,0,-1,3.457516339869281,-0.1947712418300654,1
2,1,-1,-2,-1,-5,-0.09339452092893907,-0.023751912112362675,1
8,2,-2,4,0,-32,3.936911281489596,0.06637458926615555,0
-1,1,-1,0,-1,-28,0.9150337115012626,0.0889877641824249,1
1,1,-1,0,0,-4,1.5514697690850867,0.36113499570077384,1
-2,2,-2,2,-1,-24,-2.0354577424066553,-0.0093163312073537,0
-2,-2,2,-2,0,0,2.4993761822196494,-0.11563688348598503,0
-2,1,-1,1,-1,7,-1.8917878674341764,0.026778841241186686,1
-4,-1,1,1,0,9,-2.695547124189961,0.022480329711502434,0
-5,-1,1,0,0,-33,1.8003044140030449,-0.044444444444444446,0
-7,1,-1,0,-1,-15,1.837376290289546,0.0,0
-2,0,1,0,0,-4,4.882770463651974,-0.137378362907842,1
-1,1,-1,0,1,11,0.9609852852991372,0.0,1
-2,1,-1,-1,1,-29,3.4330969267139477,-0.025531914893617023,0
-5,0,0,1,0,23,-0.9679860099173381,0.24179200768372702,1
0,1,-1,-1,0,23,-2.2821059038344496,0.006086427267194133,1
0,1,-1,-1,-1,12,-5.8488127331142215,0.1440230436869899,1
0,1,-1,2,0,5,-0.9805121439845457,0.11173125397535869,1
-5,2,-2,3,-1,-20,-2.863675639747424,-0.029112662013958124,1
-1,2,-2,2,0,5,-8.611392233797861,0.22105263157894736,1
-1,-1,1,-1,-1,-3,-2.711111111111111,0.022222222222222227,0
-1,0,0,-1,0,3,-1.3133005775364195,0.10585294371174898,0
1,1,-1,1,-1,-45,-0.5452756199024855,-0.06396588486140725,0
-1,0,0,0,1,-33,-0.20457766135612143,-0.018808777429467086,1
0,-1,1,1,2,-4,-1.7271144090255168,-0.26595744680851063,1
3,-2,2,-1,1,19,-3.2350283257115557,-0.12307692307692308,0
0,1,-1,-1,0,-4,0.8032688107253143,0.1918158567774936,1
-3,-1,1,-1,1,-14,-4.184265010351966,-0.11180124223602483,0
0,1,-1,0,-2,-2,-0.2797682579056868,0.025094102885821836,1
1,1,-1,1,-2,11,1.5495408622956668,-0.2551373430814316,0
3,0,0,-1,0,-6,2.62550443839123,-0.07609384908053267,1
2,1,-1,1,0,-3,-0.7416034753314769,0.016102470149844783,1
2,1,-1,-1,-1,-13,-0.420317312308248,0.002627477088597341,1
1,2,-2,-1,-2,-6,-2.4169058260801375,0.04654591076609425,1
4,0,0,-2,-1,-4,-2.418444846292947,0.07494474583082178,0
-4,0,0,-1,-2,11,2.637737303652308,-0.015187433747711268,1
4,1,-1,-1,-1,-24,0.5783702038984275,-0.024033402175324202,0
2,1,-1,-1,-1,10,-2.5011683832533707,0.022539444027047332,0
5,0,0,1,0,12,0.11012605392770691,0.0006344436096502176,1
3,0,0,-1,-2,-2,1.6919786096256684,0.05454545454545454,1
1,-1,1,-2,-1,-7,0.017983013342801613,-0.04071289417158658,1
2,-2,2,-1,0,26,6.500265533722782,-0.15131717076905976,0
-1,0,0,0,0,11,2.874595791805094,0.0,0
0,-1,1,1,-1,19,2.2569713957165445,0.0,1
-2,0,0,2,0,10,-3.8028601509036672,-0.017810142130198284,1
-2,-2,2,2,0,-13,0.46133699781747683,-0.10243310969202166,0
2,0,0,2,0,-28,-0.11339413781843888,-0.020839864875624305,0
-4,0,0,3,0,-4,-0.44248564093294895,-0.02611218059521031,0
-3,0,0,1,2,7,-0.5818811043690191,0.06621314341932397,1
-10,0,0,-1,0,-6,-0.12688620258440952,0.1111111111111111,1
0,0,0,1,0,-16,-1.9993287418227212,0.05199306759098787,0
2,1,-1,0,0,0,-2.0964830487362174,-0.11881188118811879,1
3,0,0,0,1,-5,-1.331572483320136,-0.2114537444933921,0
3,-1,1,1,2,24,-1.861312618788062,-0.03112033195020747,0
8,1,-1,1,0,-20,3.885792913656691,-0.10870313037495699,1
4,0,0,2,0,2,3.4667486203717313,-0.1044776119402985,1
-2,3,-3,4,-1,-1,0.6402220058733397,0.0,0
5,0,0,1,1,14,3.1934050695902156,-0.29571217348447515,1
4,-1,1,1,1,30,0.044262649581976454,-0.22849888924151063,0
1,0,0,0,0,34,-0.8422167852647942,-0.025445292620865142,1
2,-1,1,-1,2,59,-1.7150109174134496,-0.0322061191626409,0
4,1,-1,2,2,14,-2.875316927665921,-0.044444444444444446,1
0,0,0,-3,0,-21,-0.15242821694434605,-0.06896329476974639,0
3,-2,2,-1,1,13,-2.791122134993155,0.0,0
7,-1,1,0,1,15,-1.837376290289546,0.0,1
5,-2,2,1,2,13,0.8929922670528372,-0.030565461029037184,0
1,1,-1,2,0,6,0.4833396255703737,-0.0225140712945591,1
1,0,0,-1,0,5,1.457353927344772,-0.08446738620366026,1
0,1,-1,1,-1,-19,0.48317590356979556,0.05645556522891057,0
2,1,-1,1,0,-9,-2.395006836446957,0.22411953041622198,0
5,-1,1,1,1,-23,0.8682038144036439,-0.037650630989657465,0
2,-1,1,2,0,-2,4.291970424627717,-0.3008499464464637,1
-1,-1,1,-2,0,-6,0.8385960597623208,0.020201842759396044,1
-4,2,-2,2,-1,-19,1.6131267633519772,-0.13215859030837004,0
-1,0,0,1,1,-1,-1.8016987637709199,-0.024304095534437818,1
3,-1,1,-1,1,35,2.514051208850031,-0.038711128867718866,0
-3,1,-1,1,0,-17,0.7185278994228605,0.011118127701797799,0
-9,0,0,2,1,-17,-0.27374190333831594,-0.06626806178375685,0
5,1,-1,2,1,-4,0.026246719160105236,-0.11490230387868183,0
-1,-2,2,0,2,-19,0.8967160064721038,0.24324324324324323,0
-5,3,-3,0,-1,-17,-1.609862033725089,0.32038834951456313,1
0,3,-3,2,-1,-19,0.5150155115667463,-0.3112391930835735,0
9,2,-2,1,0,-42,0.502026286783682,-0.07312614259597806,0
4,0,0,2,-1,-51,0.2752663747627655,-0.25884383088869717,0
2,1,-1,1,0,-24,0.3090246220801047,0.05170853276303409,1
2,2,-2,0,-2,-27,2.385439421013257,0.09307135470527404,0
0,0,0,-2,0,10,2.685988560089535,0.0400266844563042,0
2,-1,1,-1,3,27,-0.38526241842752373,0.010352540994213663,1
0,-1,1,0,2,-3,-2.549566909726446,0.4171494785631518,1
2,1,-1,2,2,-31,0.8169205170869067,0.25710994496352235,0
-1,0,0,2,0,-20,-2.8917647058823523,-0.08705882352941177,1
-2,0,0,0,-2,-26,-1.1303283783277798,-0.05810611450181603,1
0,-1,1,-2,0,-5,0.9805121439845457,-0.11173125397535869,0
3,0,0,1,0,-40,2.2580243221690592,-0.1480263157894737,0
-3,2,-2,1,-1,-26,0.6074559177808525,0.0,1
1,-1,1,-1,1,-5,-2.755832067234648,-0.060580418101044295,0
-3,-2,2,2,0,6,-0.8214115181168191,-0.14140812812514858,0
1,-1,1,0,-2,-6,1.5053639094281386,-0.07545661269692838,1
3,-2,2,-1,-1,-21,2.294744681841456,-0.08415025834380675,1
2,-2,2,-3,0,-42,-0.7599990925383979,-0.016089992269125192,0
-1,1,-1,0,-1,-15,0.6199346405228758,-0.15555555555555556,0
0,-1,1,0,-2,-10,2.2530283016216517,-0.07756948933419522,1
-4,1,-1,2,0,-1,-0.25093236235242156,-0.2,1
0,2,-2,0,-1,-67,4.284329794693379,0.09852216748768473,0
-1,3,-3,1,-2,-24,1.1243485400157063,0.06614549867923182,1
-2,0,0,-1,0,15,0.9795144157814866,-0.031851873467958446,1
3,2,-2,1,-1,-3,-3.4000000000000004,0.0,0
-2,1,-1,-2,-1,-28,-1.2632856509453037,0.09542743538767397,1
-3,1,-1,0,-1,-22,1.0203743275717336,0.07988337764661373,1
-2,-1,1,0,0,-46,3.018167915583423,0.04236121731151553,0
0,1,-1,-1,-1,-7,3.7887117683775875,-0.07391246939069479,1
-3,2,-2,1,-1,-5,-0.8078289981972704,0.028328611898017,1
3,2,-2,2,0,0,-2.175734602137462,0.14392839551221107,1
0,-1,1,2,0,-6,-3.3125952065872664,0.10566681370386707,1
3,0,0,1,0,2,-3.817115697068166,-0.3821422508911899,0
2,-1,1,0,1,11,-1.2693260573733127,-0.052862262730226595,1
4,3,-3,4,-1,-41,1.2013830104584393,0.04012315441745473,1
0,3,-3,4,-1,-38,0.9516205407908966,0.08281573498964803,0
-5,1,-1,3,-1,-28,1.6197524291228533,-0.03234393717556236,0
2,-1,1,0,-1,5,-2.447123026098089,0.024096385542168676,1
-4,-1,1,-3,0,2,1.7799038256305946,-0.1553856391326729,0
-6,-1,1,-1,-1,-39,1.3619621932944554,0.051546391752577324,0
0,0,0,0,-2,13,0.3437868269512816,0.0,1
0,1,-1,2,0,-15,0.280287861211884,-0.13497188624457856,0
3,1,-1,2,-1,-49,0.6405215615094382,0.0,1
3,0,0,0,0,-36,-5.439442658092176,-0.10416666666666667,0
4,0,0,1,-1,25,-1.7716229248110165,-0.025094102885821833,0
6,-1,1,0,-1,16,-5.369455004729937,-0.17362546506821,1
6,-1,1,1,-1,31,-2.326984231914716,0.0,1
2,0,0,3,0,8,1.6880256835754892,0.10427944311612063,1
-2,1,-1,2,1,-9,3.0298380221653884,-0.01875532821824382,0
0,1,-1,1,0,-13,3.748616968394722,-0.19073809791062007,0
0,2,-2,1,-1,7,1.560158382307713,-0.08713085842747523,1
2,0,0,1,1,-3,2.4145923901088695,0.07551919446192573,1
4,-2,2,-1,2,-10,3.401213358443911,-0.15787556846226464,0
5,0,0,-2,-1,-20,3.36474661630469,0.044444444444444446,0
-1,0,0,-1,1,-28,1.1078576176057888,0.011609186913817265,1
2,-1,1,-2,-1,-38,-2.554822588705647,0.04337831084457772,0
-7,1,-1,-3,-1,-45,0.23834938680983253,0.054266014000736884,0
1,0,0,0,0,-15,3.198735644732806,-0.1283764229628821,1
1,0,0,-2,0,2,-0.21111111111111036,0.0,0
0,0,0,1,0,-7,-0.4315056570931244,0.6812880765883377,1
-3,2,-2,1,0,-30,-2.0931928853233046,0.3048347110260187,1
-5,1,-1,1,-1,-19,1.549865720285946,0.25070724632485836,1
0,0,0,-2,0,-12,2.1369294605809133,0.18161759863004678,1
-4,1,-1,-1,-1,-30,-0.044262649581976454,0.22849888924151063,1
-2,1,-1,0,0,-5,-3.132613613816856,0.2037971249397679,1
0,1,-1,-1,-1,-25,-2.568751888788154,0.2901178603807797,1
-5,-1,1,2,0,-27,2.611674554879423,-0.24444444444444444,0
2,1,-1,-1,0,4,0.005660666999271591,-0.08174386920980926,0
2,3,-3,1,-1,12,0.4893669941549561,0.0,1
3,1,-1,3,0,21,5.899244332493702,-0.05037783375314861,1
2,-1,1,1,1,-8,1.0993573953669658,-0.06344841027084677,1
0,-3,3,-2,2,6,1.9294389820705606,-0.15037593984962405,0
8,1,-1,1,0,-44,3.599321378015209,0.17509727626459146,1
0,1,-1,2,-1,-15,2.0820040363499537,0.02524429038915431,0
3,1,0,1,1,15,1.953207419420869,0.05272874710670928,0
3,0,0,2,1,6,-1.597957750404102,0.08866395407167943,1
1,0,0,1,0,28,2.538401486313929,0.09375397147197125,0
2,-1,1,-1,2,34,0.7416617018913265,-0.10686047803213136,0
-2,-1,1,0,2,11,-4.149926686217009,-0.030241935483870972,0
-4,-2,2,-2,1,2,-2.6345088429575965,0.12820512820512822,0
4,-1,1,0,1,6,0.26543801578624127,0.03515958482483861,0
6,1,-1,1,2,-22,1.882298850574713,0.12827586206896552,0
1,1,-1,3,1,-13,-0.03565323565323597,0.020757020757020767,1
2,-1,1,2,1,-13,0.5102326437910505,0.42746301638941747,1
1,1,-1,1,-1,-25,-2.1856342818525762,0.3885291396854764,0
1,2,-2,2,-1,-54,-0.8473140247566393,0.3018867924528302,1
-10,1,-1,0,-2,-65,-0.27280387471677514,0.0035680400373065066,0
-1,0,0,4,-1,-4,-3.063528322271955,-0.09090909090909091,1
1,1,-1,3,0,-15,0.3725034706154564,-0.12,1
0,0,0,2,0,-11,-4.103197071473796,-0.04555808656036447,0
-3,1,-1,1,-1,14,-1.6237250497069233,0.060422960725075525,1
-2,-1,1,2,1,-24,-0.7165188698700762,0.05438234687564446,0
0,0,0,-1,-1,-13,-0.8502072232089999,0.13333333333333333,0
0,0,0,0,0,-4,2.0275376384299886,-0.11261393525973681,0
-2,0,0,0,-1,-10,2.7829842254978017,0.029583656581329193,0
1,0,0,1,0,-3,1.3133005775364195,-0.10585294371174898,1
-3,-1,1,-3,0,-21,-5.899244332493702,0.05037783375314861,0
2,1,-1,1,0,-26,-0.03465998983136531,-0.2575107296137339,1
-1,3,-3,3,-3,-62,-2.034292031962832,0.07366482504604052,0
2,2,-2,2,-2,-14,1.7743653250774,-0.3925696594427244,1
-1,0,0,0,0,4,2.967266215998713,-0.12232415902140671,0
-3,-1,1,0,-1,12,-0.12868220508935302,0.04787980747805161,1
-1,0,0,0,-1,-21,1.5753262028385695,-0.16879758598892375,0
0,0,0,1,-1,14,0.9914500454784811,-0.014964814016946722,0
-3,-1,1,-1,-1,-1,1.0858149215497916,-0.061799551713096396,0
-1,0,0,-2,0,10,-1.025646794150731,-0.147331583552056,0
-2,-1,1,-1,1,-10,1.3338280474208548,-0.024628157835303213,1
3,0,0,2,-1,-25,-2.9302128796650924,-0.07281553398058252,0
-1,-1,1,2,-1,-9,0.8662989136342025,-0.1673353416135241,1
-6,-1,1,-2,0,-6,-0.34247988446461797,0.06062433543349571,1
-1,2,-2,2,0,-27,0.86082390010503,0.07916909791107479,0
-4,0,0,0,0,-3,-0.5921395955642526,-0.10795825179386823,1
-2,2,-2,0,-1,-15,0.7756249407179383,0.025839793281653745,1
-4,1,-1,-1,-2,7,-1.9697841602107995,0.031185031185031183,1
-3,0,0,1,0,6,-2.62550443839123,0.07609384908053267,0
-2,1,-1,1,0,-15,2.067985122666476,0.05724605842623151,1
-3,0,0,0,1,-26,-0.3810364065703089,0.0711523989931754,0
1,1,-1,2,-1,-52,4.145360615883306,0.375,0
-1,-1,1,0,1,-1,-4.4152211225943105,0.021984442902530765,0
-4,0,0,-2,-2,4,-3.7484690034926125,-0.04701688431832149,0
2,-1,1,0,0,0,0.687645653203085,-0.14275269851833416,1
2,1,-1,0,-1,-22,0.5442754851645801,-0.14744787021073907,0
1,0,0,1,0,6,-1.6417170212105017,-0.06808441353247346,1
5,0,0,-1,1,-5,2.22196596643986,-0.026009736728934117,1
3,2,-2,-2,0,-6,0.8214115181168191,0.14140812812514858,1
5,1,-1,-1,0,-22,-1.2848571801226032,-0.09943915481935567,0
4,-1,1,0,0,6,-1.3575757575757574,0.03636363636363636,1
2,1,-1,-2,0,13,1.0675629762655925,-0.09610250934329952,0
2,-2,2,0,0,5,0.9929229771664123,-0.05002084201750729,1
-1,0,0,0,-1,-7,0.2347974196844227,-0.06766390075633752,1
-5,0,0,0,0,10,1.7175293751748437,-0.054570259208731244,0
1,1,-1,-2,0,-22,-0.1245382854943391,0.10230179028132992,1
1,1,-1,0,0,30,-1.8825657005323415,0.11879064036133631,1
-1,1,-1,2,-1,-21,-4.70762078188479,0.05048380311316786,0
-5,-1,1,1,1,5,0.5731427563084526,-0.08248926533733311,0
-2,2,-2,1,-1,-1,0.4205802528060696,-0.04697183979203469,1
2,0,0,0,0,-12,-0.7398652340193044,-0.061700965215807695,0
-3,-1,1,1,0,-6,-1.4849966564199333,0.08895478131949591,1
-2,0,0,2,1,-3,0.3134248049502286,-0.11923594296475654,1
-2,0,0,1,0,5,-0.7887096500346171,0.04400836853235637,1
0,1,-1,2,0,-17,0.4401913875598087,0.0,1
-1,1,-1,1,-1,-9,0.48458662235147454,0.09970918155380142,1
-5,1,-1,1,-1,-33,-0.8903051981428582,0.1289213579716373,0
-8,1,-1,0,0,-2,4.218726888610427,-0.14040561622464898,1
2,1,-1,-1,-1,-51,2.7517832119941414,0.0346369833426401,1
2,1,-1,-1,-1,-24,1.0865973062907965,0.01141769526045881,1
4,1,-1,0,2,-7,0.5910593090551499,0.22021247440795733,0
0,-1,1,1,0,-23,2.2821059038344496,-0.006086427267194133,0
-3,0,0,0,-1,2,-1.2172554448795538,0.01970208250137763,0
-1,1,-1,0,0,-43,-0.8540827147401906,-0.08280900200306349,1
-1,0,0,1,1,-10,-0.18582629060177114,0.03278688524590164,1
-3,-1,1,-1,-1,-5,-2.8439571539061923,-0.05016722408026756,0
0,0,0,0,0,4,-2.0275376384299886,0.11261393525973681,1
-1,-1,1,-1,0,-5,0.10910766145515582,0.39534046843595655,0
1,0,0,1,0,-22,-1.8582014908639235,0.1626207266369507,0
-1,1,-1,0,2,6,-1.5053639094281386,0.07545661269692838,0
0,-1,1,-1,0,13,-3.748616968394722,0.19073809791062007,1
-2,-2,2,-2,2,14,-1.7743653250774,0.3925696594427244,0
1,0,0,1,0,-15,-0.5265203107152807,-0.05039899202015959,0
-1,4,-4,2,-4,-49,1.4314779270633387,-0.345489443378119,1
-7,1,-1,2,0,-27,0.6860092226900418,-0.06448146157979581,0
-1,0,0,-1,-1,-10,0.7497356789485581,0.0,0
2,1,-1,-1,1,3,0.3621859330169199,0.05421929048346874,1
-2,-1,1,-1,1,-12,2.117583522105042,0.001040119613755594,1
1,-1,1,2,1,-7,0.4620598358485566,-0.01579737004677434,0
3,-1,1,-1,-1,-16,1.3027619299505044,-0.10054029546227378,0
-3,0,0,1,0,13,0.49452133794694353,0.0792964244521338,1
2,1,-1,-1,1,1,0.3478086924895436,0.021022004000727408,1
-3,0,0,-1,0,23,-0.7161519445931379,-0.13601105323380733,0
4,-1,1,0,0,-3,-0.4222222222222225,-0.15555555555555556,1
0,0,0,1,2,1,-1.0296143723538167,-0.05799290536674677,0
-1,-1,1,-2,1,2,-1.3429452251491516,0.030030030030030033,0
-2,0,0,0,1,13,-1.3849313010233897,0.04307250538406317,0
-2,-1,1,2,2,-9,0.1860082304526749,-0.13662551440329218,1
2,1,-1,-1,-1,-29,-1.0571385376799256,-0.03203450114181593,0
-4,1,-1,2,2,-12,-3.4361123870770163,0.16316414025417242,1
-2,0,0,-1,0,7,-2.3618114522098845,0.1111111111111111,1
-4,0,0,2,-1,3,-2.4117728018633207,-0.025355989624689004,0
1,4,-4,0,-1,-51,1.3455169885892775,0.08322974437432268,1
3,1,-1,0,0,-38,2.2037647421825004,-0.03805812855329076,0
-1,0,0,-2,0,4,1.6940149071086887,-0.087607075314273,1
0,1,-1,1,0,1,1.4230579851710683,0.0,0
2,1,-1,2,1,10,-3.686462303231152,0.0,0
5,0,0,1,0,-26,-0.05320031903996547,0.0,0
2,0,0,1,-1,-1,3.2,-0.17777777777777778,0
3,0,0,1,0,-9,-0.44653953289050774,-0.03076923076923077,1
2,-1,1,-2,0,15,-0.4552019107926455,-0.04249291784702549,1
2,-1,1,1,-1,5,0.5502111666229528,-0.13169446883230904,1
-5,2,-2,3,0,-24,2.2109931437746595,-0.04198740377886634,0
-9,1,-1,0,1,-17,-0.12284385547415733,0.12178619756427606,0
-5,0,0,-1,0,5,1.4078095267007873,0.0,1
-3,0,0,-1,2,-36,-3.125006158389556,0.08718168164152404,1
1,1,-1,1,1,-1,-1.1115325734615074,0.16704784217474572,1
-1,0,0,1,1,-14,0.8802739011023157,0.01813787018280788,1
-1,2,-2,2,-1,-33,0.8297653561885863,0.25412960609911056,1
1,0,0,0,0,-8,1.293856009559531,0.07414445513990772,1
-5,1,-1,0,-1,-57,-0.07261167327151741,-0.08891539379015816,1
0,0,0,0,0,14,-3.554632200380158,0.08100810081008102,0
-4,0,0,-1,-1,-8,-4.2861425915932125,-0.010472078739752769,1
-7,-3,3,0,0,-29,1.0168834422181492,0.07722007722007722,0
2,0,0,1,1,-7,-3.117141083621531,0.0735479294138512,0
-9,1,-1,-1,-1,-56,-1.9431678823520377,0.12678288431061807,1
2,3,-3,0,0,-69,-0.8263888888888891,0.0810185185185185,0
1,1,-1,2,0,-37,0.3944234398837412,-0.1342281879194631,1
1,0,0,0,0,-15,-4.667296938488153,0.0,0
2,0,0,0,-1,-13,1.3849313010233897,-0.04307250538406317,1
1,1,-1,2,-1,32,1.0376426503151084,0.0,1
1,-1,1,1,0,20,-2.663615560640732,0.0,1
-2,-1,1,1,0,20,-0.7508373181992427,-0.3730017761989343,0
0,0,0,-3,-1,6,2.354354755021867,0.0044177599881402435,1
-4,-1,1,-3,1,11,-0.8460014154281672,-0.006652512384996465,0
0,0,0,-1,0,5,0.03125110093815531,-0.08547770181448422,0
-3,2,-2,0,-2,7,-0.18063384579221697,-0.07961079168509508,0
-1,1,-1,-1,0,-20,2.663615560640732,0.0,0
2,0,0,-2,1,41,-3.064464041733947,0.0,0
0,0,0,0,1,-11,0.4865230525198565,0.014835722366717596,1
0,1,-1,0,2,-10,1.660609348160202,0.033161558629418664,0
0,-1,1,-1,2,6,3.3299761728177737,-0.10125350024866077,0
-3,1,-1,1,3,9,-0.26370261197085076,-0.1111111111111111,1
-1,1,-1,2,-1,2,-2.021311726075062,0.03782812104484765,0
2,2,-2,1,-2,-20,2.205563640551548,0.057416267942583726,1
0,1,-1,2,-2,-41,-0.6374339003894236,-0.08891166222586593,0
3,2,-2,0,-1,-6,-5.523967563503572,0.18644541109500026,1
5,0,0,2,0,-2,-2.5652943335327567,0.00450964521107855,1
4,-1,1,2,2,-6,0.5486642221058147,0.16635818636866306,0
3,0,0,3,1,-8,3.341269841269841,-0.26666666666666666,0
3,-1,1,2,0,-11,-1.0187482768127927,-0.31822442790184724,0
3,1,-1,0,1,-12,0.12868220508935302,-0.04787980747805161,0
-3,2,-2,3,-2,-33,5.321304758023548,0.061296607472826864,0
-3,1,-1,1,0,-9,-0.13306620696081684,-0.023482271816614636,0
-2,-1,1,-2,1,-12,1.0344811857453102,0.09102911401065833,0
1,-1,1,1,0,-15,2.8305551809038714,0.0,0
0,-1,1,1,0,11,-1.1776927820464804,0.0,0
1,0,0,2,-1,-5,-0.8242785974882203,0.09111617312072894,1
-2,1,-1,2,0,-4,-3.2318282664747855,-0.10095340888649038,0
5,1,-1,0,-2,-19,-1.0013625879866268,0.05663048607833884,1
-2,0,-1,3,-2,1,-0.3229970561456226,-0.09844764343673675,0
-2,2,-2,1,1,0,-1.131019411372919,0.0034104313727588015,1
2,1,-1,1,0,-5,1.2674746335963927,0.1183320477066398,0
-3,1,-1,-2,0,11,1.0187482768127927,0.31822442790184724,1
2,0,0,2,0,-9,0.4453429347184512,0.04981479542857653,1
-1,-1,1,0,0,-11,2.0364112292530723,-0.09958656764387375,1
2,1,-1,1,0,8,1.1322655069702794,-0.09448818897637795,1
-3,-1,1,-2,0,11,-1.6895419388892368,-0.08212357792819457,0
1,1,-1,3,0,-13,-0.8129968088192632,-0.01201044386422978,0
1,1,-1,2,-1,8,-5.661126997941618,-0.14897702626162154,1
-3,-1,1,0,2,-24,1.731410256410256,-0.14647435897435898,0
-2,0,0,1,0,-18,1.216997717599161,-0.09484300783418667,0
5,2,-2,2,-1,-64,-0.24108205500617208,-0.1551991722710812,1
0,1,-1,0,-2,-21,-2.141984191125742,-0.051546391752577324,0
1,2,-2,2,0,-26,0.4738935595934546,-0.06353880128627329,1
0,1,-1,3,-1,-34,-2.1404098211524434,-0.04627473108161183,1
-8,0,0,3,1,-3,0.30136530136530126,-0.0203962703962704,0
-3,1,-1,2,-1,18,-0.5281949440923119,-0.07940224138332139,1
0,0,0,1,0,48,-0.3360847013158046,-0.0566422721023994,0
-2,-1,1,1,1,51,-2.7517832119941414,-0.0346369833426401,0
1,-1,1,2,-1,40,-0.9654416074092151,-0.14346717510273108,1
2,-2,2,-2,0,33,-1.8946612672641274,-0.8241436425813847,1
-3,-1,1,0,0,-2,-2.3200706509421423,-0.16732706540682907,1
-5,2,-2,2,0,-24,0.11581695821125937,-0.14268727705112963,0
-3,-1,1,-2,0,7,-0.7637522165279913,0.019111230358526694,1
-1,0,0,0,0,-4,-2.3999999999999995,-0.044444444444444446,1
-3,0,0,-2,0,19,2.149911485993959,-0.05623242736644799,1
0,2,-2,1,-4,-17,3.1210247611158772,-0.15584415584415584,1
1,1,-2,2,-1,-38,0.3769156095204109,0.11917865141445677,1
1,1,-1,2,-1,-4,0.4939411207103759,0.09976693501997125,1
0,2,-1,1,0,-2,-0.09367530202209418,0.08915304606240713,0
4,2,-2,2,-1,-4,0.41999002509191996,0.04143646408839779,1
-3,2,-2,0,-1,8,0.9857044848573051,0.12430939226519337,0
2,2,-2,0,-2,13,0.42364936130317554,-0.1281300050783234,1
3,1,-1,0,0,2,2.3200706509421423,0.16732706540682907,0
0,1,-1,-1,-2,-19,1.3981634527089075,-0.11000918273645546,0
-1,-1,1,-2,0,-6,-0.4833396255703737,0.0225140712945591,0
-2,1,-1,1,-2,-34,-0.7416617018913265,0.10686047803213136,1
-2,1,-1,0,-1,-6,-1.5464589615558335,0.05156816544786417,1
-2,0,0,-2,-1,1,-0.5840972283628578,0.1306727188768041,1
-4,1,-1,0,0,3,0.4222222222222225,0.15555555555555556,0
-4,-3,3,0,1,14,-0.666666666666667,-0.42222222222222217,0
-9,1,-1,-1,-2,17,-0.897215797138696,-0.025854536108969414,0
1,1,-1,1,-2,-9,0.0036156814950238925,-0.04302254722730042,1
3,0,0,1,0,-23,0.7161519445931379,0.13601105323380733,1
6,0,0,-2,1,-5,-2.098569917584257,0.12919896640826872,1
-7,0,0,0,-1,-2,-2.8343686497828315,-0.020774300459140343,0
-1,1,-1,0,0,-14,0.06434040023839138,0.11875309252845125,0
-2,-1,1,0,-1,7,-1.9616717558866181,0.11379558105875774,0
1,1,-1,1,-1,-1,1.1060927678339114,-0.1234713301652949,1
3,0,0,0,0,11,-0.5111111111111111,0.02222222222222222,0
2,0,0,-1,0,5,0.21758029461482753,-0.05723255252354502,1
10,1,-1,1,-1,-29,-0.0809941025206724,0.0,1
-1,1,-1,2,-1,-18,-4.427088503481429,-0.08565310492505353,0
-1,1,-1,1,1,-3,-1.658437535386816,0.021592744093407223,1
3,3,-3,5,-1,-45,6.220430588520096,0.1973486861840132,1
-1,1,-1,-2,-1,-28,1.1199689199689207,-0.18508158508158506,0
-3,1,-1,1,-2,-10,0.8837244566960081,-0.1922440446304417,1
2,0,0,1,-1,3,-0.38292330975257793,0.04329004329004329,0
-2,-1,1,1,-1,-1,-1.515135722041259,0.06801302931596095,0
0,2,-1,3,0,-15,1.2208324847429304,0.06350031251536242,1
4,2,-2,0,-2,-29,2.9815932995714842,-0.030823918971562128,1
6,2,-2,3,0,-52,0.5663129973474792,-0.2030503978779841,1
-1,2,-2,3,-1,-23,0.8613825109916959,0.00134342940889106,1
1,1,-1,0,0,-7,2.031716986886246,0.030303030303030304,0
1,0,0,0,0,-11,-2.874595791805094,0.0,1
-1,1,-1,1,0,-36,0.47528005974607934,0.08737864077669902,1
0,0,0,0,0,-20,0.21042606516290752,-0.004110275689223057,0
0,1,-1,-1,1,-19,-2.2569713957165445,0.0,0
3,1,-1,0,1,-12,-2.326137624861265,5.5493895671478166e-05,1
1,-1,1,-1,1,24,-2.237324856880792,0.0617283950617284,0
-3,-2,2,-1,1,32,-2.1654408185099445,-0.19634341770513436,0
0,0,0,-1,1,-14,-0.9914500454784811,0.014964814016946722,1
1,1,-1,-1,-1,-21,0.9109287900021812,0.06433660196536053,1
-5,2,-2,-1,-2,-13,-0.8929922670528372,0.030565461029037184,1
0,2,-2,-1,0,-19,2.3086315346814397,0.046172862601527344,1
-7,1,-1,-1,-1,11,0.9411032401055892,-0.22019948441163312,0
-1,1,-1,1,1,-38,1.6186866323506486,-0.049103104039931345,1
-6,0,0,-2,0,23,-0.34081215022554234,0.013509562954663143,0
0,0,0,1,0,6,-2.973612904501827,-0.024807655902555084,1
-1,1,-1,1,0,18,-4.53853427895981,0.009929078014184398,1
-6,-1,1,1,0,-13,1.4643346295619408,0.20161272564727026,0
-1,-1,1,2,-1,-2,1.097101189078706,0.08410556698752919,1
-6,-1,0,1,0,4,-2.733951869807882,0.14962593516209477,0
-5,0,0,-3,0,11,-2.7561025086212725,0.34214618973561434,1
3,1,-1,2,-3,-45,1.6989537168182023,0.0,1
3,-2,2,0,-1,8,-3.8993125708372345,0.0,0
-9,1,-1,0,0,-6,0.6857148613526922,-0.030959752321981428,1
-5,0,0,1,1,10,-0.4978457358716222,-0.032555615843733045,1
-2,0,0,2,-1,-41,3.064464041733947,0.0,1
-4,0,0,1,0,-10,6.481176408304865,0.0,1
-5,-1,1,1,-1,-1,-3.0218978845797944,0.2698650674662669,0
1,2,-2,1,-1,-19,1.3508296085133464,0.0,1
1,2,-2,0,0,-20,4.10720250213921,-0.046620046620046623,0
-1,1,-1,1,1,7,2.598443029016277,-0.044444444444444446,0
-5,0,0,-2,0,-8,1.170247771587011,-0.2193841976281305,1
-1,-1,1,-1,-1,-2,1.420873436118423,0.05253761277055617,0
-6,1,-1,0,0,11,1.68447561833398,0.01891247864720154,1
2,-1,1,0,0,30,2.3726042476042473,-0.0383644133644134,0
0,1,-1,-1,2,-40,-2.2496517634671096,0.1363457953426183,1
-2,0,0,-2,2,11,-0.48299570288520544,0.10570902394106814,1
1,2,-2,-1,-1,-35,1.1624896565915424,0.12652889076339097,1
-2,2,-2,0,0,-28,-0.37342655962045335,0.10483401281304601,0
2,-1,1,0,0,-5,1.2642798324071531,0.018193871156525297,0
-1,-2,2,0,0,-15,0.7694444444444445,-0.3638888888888889,0
4,1,-1,0,0,9,2.2222222222222223,0.15555555555555556,1
4,2,-2,-1,0,-43,2.8651884700665198,0.23215077605321513,1
6,2,-2,0,0,-24,-2.314584716740948,0.0938349073974732,1
2,1,-1,-1,0,-10,0.9523591328592729,0.29083363952709274,1
4,0,0,1,0,-11,-1.137435897435898,-0.07487179487179488,1
2,2,-2,-2,0,13,-0.46133699781747683,0.10243310969202166,1
5,0,0,-1,0,31,2.568027240811944,0.023904340404564753,1
-12,0,0,-2,-1,-9,-1.6688346883468834,0.15555555555555556,0
2,0,0,-1,-1,7,-0.28696264975334795,-0.062344373972280945,0
-2,-1,1,0,-1,3,0.5575343188708346,0.012208780705200761,0
-4,-2,2,-2,-2,-32,-0.5354140347101324,0.0202193227499812,1
0,0,0,1,-1,-32,-0.9203394325112706,-0.08247149297268629,0
-1,-1,1,-1,-1,1,1.1115325734615074,-0.16704784217474572,0
-1,0,0,1,-1,-14,0.48279170561037554,0.04114937014582179,1
3,0,0,-1,-2,-7,0.5818811043690191,-0.06621314341932397,0
3,0,0,1,0,-18,-0.20642966411317065,0.008709848018373812,0
4,1,-1,3,-1,-11,0.8460014154281672,0.006652512384996465,1
3,1,-1,2,0,-7,0.7637522165279913,-0.019111230358526694,0
-2,-1,1,1,0,-4,-0.005660666999271591,0.08174386920980926,1
0,2,-2,2,-1,-20,2.582791995589732,0.0606980273141123,0
2,1,-1,2,-2,-17,-0.20031865585168163,-0.011832605401550955,1
-4,-1,1,-1,0,-10,1.7776179056754597,-0.14788169464428458,1
4,1,-1,1,-1,-28,0.5775871515799715,-0.08256880733944953,0
6,1,0,-1,0,-20,2.733951869807882,-0.14962593516209477,1
1,1,-1,1,1,5,-2.0988997010748585,-0.030299561152451818,1
0,1,-1,1,-1,1,-0.9346733490545187,0.06545579345689737,0
3,0,0,-1,0,2,-0.22593869485665907,0.010802039539271585,1
-1,4,-3,3,-2,-39,-0.9780656434934265,0.0,0
0,1,-1,0,-1,-20,2.058582247881601,0.128068303094984,0
5,3,-3,0,-2,-32,2.564710795801185,-0.03644140781210978,1
1,2,-2,0,-2,-30,0.9378518461951169,0.11701608971233546,1
2,1,-1,-1,0,-24,-2.224784561233159,0.03669134603714043,1
2,1,-1,-2,-1,24,0.7165188698700762,-0.05438234687564446,1
0,0,0,-1,-1,-4,-1.5572060123784264,-0.01980548187444736,1
3,1,-1,2,-1,4,-0.5762144458233811,0.08547395671345998,1
5,2,-2,1,-1,-28,1.4607362001253268,-0.13252346769740475,0
2,0,0,3,1,1,-0.9671556502587144,0.18251059059116445,0
1,0,0,-2,0,-26,-0.3786863270777472,0.2949438202247191,1
4,1,-1,2,0,12,1.9462679758075065,0.18534831219453285,1
4,1,-1,-1,-1,33,-1.1101476163587956,0.1863354037267081,1
1,1,-1,0,-1,39,0.8231970567256077,0.14087547396478584,0
5,-1,1,0,1,57,0.07261167327151741,0.08891539379015816,0
2,-1,1,-1,1,46,-2.4434159069461856,-0.07833996279688732,0
7,-1,1,-1,3,23,-4.722526550105442,0.2172928927116342,1
6,-1,1,-1,2,15,-1.1190080088123342,0.2974917290056322,0
1,-4,4,-2,4,49,-1.4314779270633387,0.345489443378119,0
5,-3,3,1,4,40,0.8342909615636884,0.22988324806506621,1
-1,-2,2,-2,2,18,0.29392066261950944,0.23742227247032222,0
-2,0,0,0,0,-7,-0.19667186687467497,0.08888888888888889,1
-1,0,0,2,0,-17,2.5889391180663694,0.049552382300745074,1
-6,-1,1,-1,1,-13,2.1932355031564863,-0.0018581230170343632,1
-4,0,0,1,1,-1,1.567249727670399,-0.21276335718644618,1
-4,0,0,-2,0,1,-2.739401999149763,0.03253796095444685,1
1,1,-1,-1,0,-32,2.280343311731144,-0.09935214384760138,1
0,0,0,0,0,-14,3.554632200380158,-0.08100810081008102,1
-7,0,0,1,0,-14,0.2262133120791594,0.0,0
-1,1,-1,1,-1,-24,2.237324856880792,-0.0617283950617284,1
-4,1,-1,-2,0,-1,-0.5589074189735679,0.034158838599487616,1
2,2,-2,0,0,-4,1.009532019623392,-0.21439640961690953,1
-2,3,-3,3,-1,-7,-1.25397038029322,0.13852794522586886,0
-2,1,-1,1,-1,-4,-0.29038572251007455,0.07783534830166955,1
-3,0,0,2,1,-6,0.044349070100142995,0.028612303290414875,0
-1,0,0,1,0,-9,3.1891383370560846,0.17399710004833252,1
-2,-1,1,-2,1,6,3.4573422045446796,-0.013815866663292542,0
1,0,0,2,1,-1,0.6385609670086749,0.12108980827447025,0
-2,2,-2,0,-1,-42,0.9727083866928479,0.15723270440251572,1
0,2,-2,-1,0,-26,-0.553652058432935,-0.0015050907481186093,0
-1,1,-1,0,0,7,0.5371204001429082,0.06195069667738477,1
2,2,-2,1,0,-29,-1.7219091605065322,-0.0378686144822768,0
1,1,-1,0,0,-27,1.5939537167060545,-0.11626765306937925,1
-1,0,0,0,1,-25,1.6098115898889818,0.0,1
-2,-1,1,2,1,5,0.09339452092893907,0.023751912112362675,0
-2,-1,1,1,-1,27,0.5364267742901827,-0.034202077119159596,1
0,2,-2,0,0,-13,3.6444444444444444,0.06666666666666667,1
0,1,-1,0,-1,3,3.0888888888888886,-0.08888888888888888,0
-2,1,-1,-1,1,-5,-0.5502111666229528,0.13169446883230904,0
0,2,-2,1,0,-8,1.9522210184182014,-0.012513542795232951,1
-3,3,-3,0,-1,-6,1.504080345305808,0.12279983626688497,1
-4,0,0,1,0,31,-2.613621004986398,0.08143875127248049,0
6,0,0,-1,0,-9,1.1666666666666665,-0.04276485788113695,0
1,0,0,1,0,-22,0.7691442172454828,-0.022222222222222223,0
-2,-1,1,0,0,15,0.37330923267002714,-0.03683241252302026,1
-3,0,0,0,0,-11,0.5111111111111111,-0.02222222222222222,1
2,1,-1,1,0,3,-2.4431907169681035,0.05680302829393265,0
-2,1,-1,0,-1,-11,1.2693260573733127,0.052862262730226595,0
