age_diff,reach_diff,5f_win_diff,5f_finish_diff,5f_finished_diff,5f_opp_win_diff,strpm_diff,tdpm_diff,result
-2.5780822027617987,-1,1,1,1,-9,-2.262678062678063,0.05356125356125356,1
4.189041089815987,-2,1,0,0,-30,-2.3726042476042473,0.0383644133644134,1
9.46849314322045,-4,0,0,0,-24,0.9102213086641218,-0.3023620636617467,0
2.257534238850358,9,2,0,-1,-26,1.4164191750278707,0.0,1
1.4136986210419522,7,0,-1,0,14,-0.2262133120791594,0.0,1
-12.235616444565288,7,3,0,0,29,-1.0168834422181492,-0.07722007722007722,1
1.7479451993600712,8,0,-2,0,41,-4.975388860902796,0.0,1
-6.410958911042648,2,1,-1,-1,4,0.049348117460704444,0.0,0
-5.353424663892724,3,0,-2,0,-33,-0.4461345009543054,-0.020208824520040417,1
-1.893150691768458,5,0,1,2,-3,1.87198990166477,-0.03731833913208869,0
-1.2273972706786225,4,0,-2,0,-29,-0.6098445320928922,-0.032862272059993994,0
1.0438356082474414,-1,2,1,-1,10,1.301796242972713,0.03482791718085834,0
-11.789041102784246,-3,4,2,-1,-44,-0.037355199791748284,0.07028504490433424,1
-9.44931507606696,2,2,-1,-1,-11,-1.8184234502695635,-0.29236112538276576,1
-0.6794520593060014,-1,0,-1,0,22,-0.7691442172454828,0.022222222222222223,1
-3.942465760679191,-5,3,1,-2,-4,-0.13444909344490874,-0.08396094839609484,1
-5.830136991747722,-2,2,0,0,-5,-1.3406451612903227,0.03477726574500768,1
-5.235616443391169,1,1,2,-1,-2,1.3429452251491516,-0.030030030030030033,1
-9.652054810000667,0,3,1,1,9,1.2279105193517754,0.07439553626782393,1
-6.3616438419241845,-2,0,2,1,-7,1.0785151284007122,-0.042461225527587076,1
3.252054785135279,-1,-1,-1,0,-8,-1.991292332559898,0.18084486968914842,0
5.956164378154398,-5,0,-1,-1,-14,-1.5814263798779122,0.3854389721627409,1
-4.101369868922436,-1,0,0,0,2,-2.207125297537753,-0.17208413001912046,0
-0.789041106321605,-4,0,-1,1,-29,-0.0778722508002585,0.10752973812988956,0
-1.7506849385206067,-4,0,2,0,-29,-0.7665955525417236,0.05490173242649127,1
3.046575331287137,-3,-1,-2,1,-19,0.01483962604142297,0.12919896640826872,1
0.7917808133319326,-1,-2,-2,1,-24,-2.006974858069748,-0.06763990267639902,1
4.509589035059236,-5,0,-1,-1,-14,-3.1934050695902156,0.29571217348447515,0
5.0273972516718075,-3,-1,-1,0,27,-3.5694252180485604,0.10627478789628789,0
3.613698624928208,5,0,3,0,-11,2.7561025086212725,-0.34214618973561434,0
2.3589041031262354,-3,0,0,-1,-13,-7.314441030308963,0.20295983086680763,0
-2.8000000076302385,-3,2,1,-1,-18,-3.4944570135746607,0.15305429864253395,0
3.4794520504697743,1,-2,-1,0,-1,-1.3228195820076178,-0.04334258733221252,0
1.1123287610851094,0,-1,2,1,9,-3.15104611009547,0.09786715417428397,0
-6.361643841087584,5,1,-2,0,-7,3.909474006601858,0.1503567498894019,1
-7.830136995005965,3,2,-1,-2,-48,0.6191452991452997,0.13367521367521368,0
1.53424657030261,0,1,0,0,-17,-4.803904473426391,-0.2614487178334846,1
-0.23835616970779228,-2,3,3,-2,-35,1.556688264938805,-0.09520518358531317,1
-2.704109595307809,0,3,2,-2,-6,-1.9294389820705606,0.15037593984962405,1
-8.40821918537716,-1,3,2,-1,-29,1.2215050041154862,0.11656143759106363,1
-3.854794528117676,-1,2,-1,-1,-2,-0.47665198237885464,0.002803364036844211,1
-9.27671233462037,-3,1,-1,-1,-5,0.1917615943705262,-0.02631085559598862,0
-8.70410959504865,5,0,1,-3,-13,-1.6667703876572024,-0.054479450278750174,1
1.7780821861570857,5,0,2,-1,-10,-1.1922381416052303,0.006885519543747401,0
2.1041095823173563,0,1,1,-2,-8,0.3667992574913823,0.047414478918058875,0
2.2273972538250604,-1,1,-2,0,7,-0.7707244529424262,-0.06097301890800935,1
6.720547936106861,2,-1,-1,0,1,0.5729340533464251,0.08941253477335953,0
-1.7671232923138973,-5,0,2,-1,-7,-2.6895000221425085,0.04951950755059563,1
8.104109583354923,3,0,2,0,-19,-2.149911485993959,0.05623242736644799,0
2.4931506794852574,-5,-1,1,1,7,3.9353493222106364,-0.18769551616266944,0
1.0958904060337389,-1,0,0,0,-1,-1.3087394745857452,0.0037143217756621764,0
-2.145205487769278,-2,1,3,-1,-9,3.244219507777755,0.1296460266033445,0
-0.3479452133994769,0,1,1,-1,-10,-0.912207986267072,-0.04780731207279165,1
4.117808212458463,-10,1,-1,0,0,-4.516632271153242,-0.16390919584455566,0
-8.375342474167496,0,4,1,0,-18,0.37108066971080667,0.15251141552511416,0
5.342465749247047,-1,-1,-1,-1,13,-0.4373611838298106,-3.857918377470071e-05,0
1.323287662324141,-13,0,-2,-2,-6,0.34514428146869935,0.022222222222222223,0
-7.723287679179414,3,2,1,0,-9,2.569490959122595,0.08958136001651677,1
-4.775342471626107,-1,1,4,-1,-8,-2.218885339013135,-0.022222222222222223,0
-3.257534251323598,-3,1,1,0,4,-1.6057456696239965,-0.06320236586396281,1
-11.816438361801016,-1,2,1,-1,-4,-1.6909090909090914,0.05656565656565656,1
-3.731506854097958,0,0,0,-2,4,0.6722947451584069,0.026246719160104987,1
2.3123287605599963,-2,-1,1,0,6,3.4798383132767006,-0.18597442851607904,0
-4.101369871191835,1,2,1,-3,-23,0.6458616010854814,-0.08264462809917356,1
2.569863005855627,-4,-1,-2,0,14,-2.3710129601849355,0.0,0
1.1808219106352453,-6,-1,0,0,23,4.243030899316992,-0.055325034578146616,0
-8.31506850093195,-3,-1,-3,1,-35,1.8052287581699353,-0.03529411764705882,1
-7.126027405501553,-2,2,-1,0,-39,1.3457147028763323,0.0,1
-4.520547954724279,2,2,1,-1,-3,5.0035308609162605,-0.1849217638691323,0
-10.180821923893618,6,2,2,-4,-49,3.234025418119236,0.0,0
1.6328767074560204,-3,0,-1,-1,2,0.47217134000281646,0.0,1
5.473972594873764,-1,0,-2,0,-35,-3.8716302445759023,0.28511087645195354,0
-4.142465759529998,-8,1,0,1,4,-1.3385594332196273,-0.3276699029126213,0
8.624657527670685,-10,-1,-1,1,29,0.0809941025206724,0.0,0
-4.627397267876908,3,0,-3,0,-6,2.3925415949512336,0.020042073054121257,0
-6.871232882974116,3,0,0,1,-4,2.0262245419373675,-0.12504562376815825,1
4.082191775458774,0,-1,0,0,-22,0.12490776998178887,-0.1628222523744912,1
-2.6712328831644427,2,1,0,-2,-3,-0.21479974799038093,-0.3026481715006305,0
-8.046575348208087,-2,5,5,-3,-14,3.343283582089553,0.255863539445629,1
-2.2739726086052414,2,0,0,-3,-27,-1.0641880994822168,-0.4389270859859095,0
-16.920547953434426,8,0,-1,0,-57,2.881372901427459,0.4342581423401689,1
-10.764383572666986,0,1,0,-2,-40,1.8485275466254243,0.3819918144611187,1
-9.46849315650574,4,0,0,0,24,-0.9102213086641218,0.3023620636617467,1
-7.057534254096396,3,1,0,-1,24,-1.693544114564498,0.5191059841384282,1
-2.320547950647132,0,0,1,0,1,-2.8551135289387237,0.3569600915592551,1
-6.03287672003605,1,1,1,-1,-14,0.738762413007827,0.43735705583432816,0
-2.926027402772384,2,1,-1,0,-20,0.7508373181992427,0.3730017761989343,1
-1.4000000050705879,4,0,-2,0,15,-4.112579705248933,0.3661162957645369,1
2.145205474961191,2,-1,-3,1,9,-3.244219507777755,-0.1296460266033445,1
-2.2767123358087566,-3,-1,0,0,-5,-4.2192419001905845,0.13129102844638948,0
-2.0547945272644625,-5,-1,-1,-1,-1,-5.461672920132909,0.021096300127346257,1
-8.312328774041227,-4,0,1,0,-15,0.288888888888889,0.06666666666666668,1
-6.980821926363525,-3,-1,-2,0,-8,-1.9714533924072628,-0.029623838067935032,0
-0.9260274032035731,-6,0,-1,0,-16,-2.313928012519562,0.18608402552064518,0
-9.019178088352934,2,1,1,-1,-18,3.5663965289213464,-0.10122311261071278,0
-8.32328768203196,-5,0,0,-2,2,0.7578974736750874,0.0,1
-4.378082198708174,0,1,2,0,-29,-0.43881366860090276,0.008768536428110901,0
3.0602739666329626,1,-1,-4,1,-59,-4.001691069727995,0.08823174361773363,0
2.2821917732796493,2,-1,-4,1,19,-5.794800235456524,0.12979989183342347,1
1.6520547857363894,-8,1,0,-1,-8,-1.7807600405878694,0.21206070723271467,0
0.0356164340179177,-7,0,-1,1,7,-0.7825522690978373,0.23334952857386118,1
-3.9589041150572406,0,0,2,1,-21,1.8520487264673324,-0.17777777777777778,0
3.4383561566669556,2,-2,-1,1,1,-0.4205802528060696,0.04697183979203469,0
2.6657534182693112,5,1,1,1,-7,-0.24834917083113028,0.23986293546544832,1
-3.257534254703039,0,1,1,1,-7,-1.3190938511326864,0.17319626879878164,1
-5.594520553131751,1,2,1,-1,-5,1.5750113999088013,0.06639306885544921,1
0.5726027332432153,-2,1,0,1,-14,7.766590119531296,-0.04357298474945534,1
6.964383555328197,4,0,2,0,-1,2.739401999149763,-0.03253796095444685,0
-8.73150686874908,0,4,4,-1,-37,2.377622377622377,0.0,0
-8.71506849812478,3,1,1,1,5,2.8439571539061923,0.05016722408026756,1
-7.380821925914926,5,2,2,-1,-19,2.8696276043868636,0.03607937462417318,1
-2.358904114903858,3,0,0,1,13,7.314441030308963,-0.20295983086680763,1
-6.043835621499362,5,0,-1,0,-23,5.4162481404942895,0.0,0
-5.158904117748573,0,1,1,0,-2,4.4187957418496335,-0.022222222222222223,0
2.3835616385201064,0,0,1,1,-11,-1.114420857165507,-0.05263296971502285,0
-9.109589049517467,6,0,-1,-1,-25,0.8708537668455807,-0.1623326474660606,0
-6.704109594266711,3,0,-1,0,-13,-0.49452133794694353,-0.0792964244521338,0
6.745205473846394,2,0,1,0,-7,2.3618114522098845,-0.1111111111111111,0
1.1643835566850527,-7,0,1,1,2,-2.6237814142989686,0.0,1
5.4410958859836995,-2,0,1,-1,4,1.9725599737101542,0.0335195530726257,1
-0.0328767196849995,1,0,0,-1,-14,4.027609997774064,-0.14057993854738254,0
4.687671219196851,0,0,1,0,-26,-2.6176672844516817,0.027127520105352382,0
-6.345205486664248,-2,0,0,0,-14,-0.8284785000239154,-0.08469890467307598,1
5.578082183370782,2,-1,-1,2,11,2.895097438938013,0.0,0
14.556164379250347,-5,0,-1,-1,0,-0.8607175790091368,0.0,1
-1.0575342531849614,-1,1,1,1,-4,0.8950343358590618,-0.028851274143267623,0
-2.471232881672911,-1,-1,0,-1,-23,1.2646216598250568,-0.07957479436049635,1
-8.928767134405312,0,1,2,1,-47,0.43888103096023867,0.0,1
4.238356156216128,0,-1,0,0,-6,-2.6801944096891015,-0.16538037486218302,1
6.7671232813954205,4,-1,2,0,1,0.5589074189735679,-0.034158838599487616,0
7.610958897023501,6,2,3,0,22,1.462444145201685,-0.19370460048426152,1
-0.19726028084892988,0,-1,1,0,34,-0.045297289435134225,-0.27282266526757604,1
5.353424651023367,-3,0,2,0,33,0.4461345009543054,0.020208824520040417,0
6.956164376378897,1,-1,1,-1,24,-2.9306544419787204,-0.0592341956028198,1
-0.6356164448838797,-1,0,1,1,-11,-2.092009830007833,0.0778627506083962,0
2.5561643772240927,-5,0,-1,0,-15,0.4070323488045009,-0.059915611814346,1
5.216438348622113,-2,-2,-1,1,-27,0.7626071669845444,-0.18537664428461414,0
12.235616433049728,-5,0,1,-1,5,-2.22196596643986,0.026009736728934117,0
-1.8684931558174753,5,0,0,0,-10,-1.7175293751748437,0.054570259208731244,1
-1.8465753512481342,6,0,-3,0,-16,-3.5598141695702665,-0.1580332946186605,0
-3.106849319955984,7,1,0,1,1,-2.168738229755179,-0.044444444444444446,0
1.5287671169934285,0,-2,0,1,-11,0.16790123456790162,-0.18271604938271604,0
4.893150676947002,2,-2,-3,0,-2,0.8071616749861339,0.06944444444444445,0
2.8082191712636373,1,1,1,1,-29,0.8264556479449376,0.07470145178407675,1
-2.52876713106874,-1,-1,-1,1,15,-0.5509057050956487,0.03300039501156821,0
-2.0931506909888142,-1,0,-1,0,22,1.8582014908639235,-0.1626207266369507,1
6.5260273910379,-5,-1,1,0,22,1.2848571801226032,0.09943915481935567,1
-0.4931506920301558,-2,-2,-2,1,11,0.7252232309414244,-0.05257555030468852,1
-2.1972602808632686,-5,1,1,0,-44,3.405455781970227,0.04382761139517896,1
2.7424657451235674,-1,0,1,-1,-12,0.22454031117397477,-0.006740629420084868,0
-14.10958904712541,4,2,1,0,-13,1.5258598473585088,0.013618792744573296,1
-2.890410964588,5,1,2,0,-12,-0.6666666666666665,0.022222222222222227,0
-3.3369863065415117,4,0,-2,1,0,-0.973853224018411,0.20988194140795802,0
-3.545205486935849,4,2,2,0,-19,-0.7099415204678361,0.09122807017543862,0
-4.27397261237288,4,0,-1,1,-13,0.6678270247738909,0.11011522100328235,1
1.4136986230200392,3,-1,0,1,2,-0.04846379692255631,0.15219950514007746,1
4.74794519943395,-2,0,-1,0,11,0.1300223095395352,-0.17348482312157026,0
-0.8602739792819989,3,1,1,0,-22,-2.4978672079545783,0.11107328819799037,0
-3.616438363350575,0,2,1,0,-24,-0.382521521022527,0.13863301853891516,1
-5.936986310427699,3,0,2,0,28,-2.494955640511064,0.11503500631112484,1
-3.115068501255138,5,1,1,2,5,-0.3766694754962767,0.35229413870796245,1
-0.3452054872118495,-5,-1,0,1,26,-2.607709750566894,0.23966192537621103,1
3.9753424589041693,-1,0,-2,1,36,-6.513920282264733,0.2727272727272727,0
-4.816438364748926,4,3,0,-1,-23,-4.450038864151759,0.0024173235287047144,1
-2.5945205552527284,-1,3,1,-1,-8,-0.8174962047718406,0.0,1
-0.41643836236058007,2,2,1,0,-22,-0.20623547469687153,-0.01729605073508216,0
-4.375342473763922,1,-1,0,0,3,-0.3120727370377203,0.003792958784748543,0
-0.8438356215070044,3,1,1,-1,12,-0.17658975619506556,0.015347879874883171,0
-7.339726036250539,1,1,2,-1,-38,1.8604167440478405,0.07209449169854774,0
-6.284931513298581,1,1,3,0,-23,0.6185421089879686,0.16588818117480536,1
4.490410953993635,-2,-2,0,2,-13,-0.42364936130317554,0.1281300050783234,0
2.4767123220035145,0,-1,2,2,5,-0.9623931623931625,0.16239316239316237,0
9.40547944653979,5,0,2,0,8,-1.170247771587011,0.2193841976281305,0
-1.7123287749129474,-1,1,-2,1,-40,0.9654416074092151,0.14346717510273108,0
3.676712323667683,0,2,-1,-1,-10,-0.7068592668980531,-0.32830284513740854,0
-2.0246575413352303,2,-1,-1,2,10,0.513086565089302,-0.05635002506119652,1
5.457534235592341,-5,-1,-2,0,-2,-0.47652982184353254,0.019175488424132886,0
-3.1890411036386013,2,0,1,0,-23,-1.0213314014328265,0.0,1
1.0602739658233418,0,1,-1,0,-11,1.1776927820464804,0.0,1
-9.728767133433792,1,-1,1,0,3,2.8172661870503592,0.03083247687564234,0
3.0986301304006503,-2,2,0,1,-9,4.222222222222221,-0.022222222222222223,1
-1.7479452128861581,-8,0,2,0,-41,4.975388860902796,0.0,0
2.4191780767049416,-2,0,2,1,4,3.2039219820769635,-0.2,0
-6.5123287733955735,-5,1,0,-2,-2,1.7322317304151316,-0.05222411800228538,1
-14.556164389064435,5,0,1,1,0,0.8607175790091368,0.0,0
0.27945204826880854,3,2,1,0,-42,0.7747364783134612,0.16440297217902194,1
2.0849314994217707,4,1,0,-1,-19,0.1428640360482083,0.02541042324723386,0
-6.26849315646426,-4,0,-1,0,-13,0.7991182143841273,0.4376205566271699,1
-10.30136987522112,0,0,0,1,-40,2.2804204122810985,0.49523045880953454,1
-3.3260274081709724,2,2,1,-1,-22,-1.3957470241877408,0.3758207311390689,1
-5.931506857575187,-2,3,1,-2,-14,-0.10699300699300629,0.24965034965034963,1
-0.786301375619523,-4,0,-1,0,11,1.137435897435898,0.07487179487179488,0
-5.882191787536975,-2,1,-1,1,26,3.670222982721443,0.2292134831460674,1
-3.2794520619045215,-2,0,-2,0,28,0.11339413781843888,0.020839864875624305,1
6.030136979871898,-6,-1,-1,1,-8,-0.35813368973779847,0.2507027917053696,0
-6.008219192536636,0,-1,1,1,-33,-3.1364700853430936,-0.12028267113478772,0
4.27945204511343,-1,2,3,-1,13,1.1686669586800993,0.18204117389399913,1
1.8136986144426999,1,2,3,-1,45,-0.5282380112789822,0.34403669724770647,0
-7.610958914408165,-2,2,2,0,-33,1.8946612672641274,0.8241436425813847,0
2.391780813346422,-4,0,-2,1,-22,3.021450159816193,0.331537062136246,0
5.043835609259034,3,-3,-1,1,-8,-1.7499355466985855,-0.12743509358140825,0
6.789041090890919,-1,1,1,-1,7,2.6619477006311985,-0.125,1
-14.139726034923164,-1,0,0,0,-17,3.206418666677314,0.20849886407646823,0
-2.1972602798100667,3,-1,-3,0,-12,0.18969496600336822,-0.12276214833759592,1
7.241095884602331,1,0,1,-2,-5,-0.06679029516303459,-0.016782568382012045,0
1.8739725955665278,1,1,0,-1,-37,0.028279654359780082,-0.08788872972598308,0
-1.819178088900621,-3,0,2,1,-16,3.1528888888888895,-0.03733333333333333,0
-5.687671244062116,1,1,1,0,-21,0.07623002068069962,0.06300399185597258,1
-2.9232876790392197,-1,0,1,0,-19,-0.6709962307577926,0.10468860111331647,1
-1.4136986356406638,-3,1,0,-1,-2,0.04846379692255631,-0.15219950514007746,0
-2.200000005893841,-4,-1,-1,1,28,-0.5775871515799715,0.08256880733944953,1
-3.290410966866247,-3,1,1,0,-9,0.7098243733509237,-0.040093172823219,0
-7.386301378224758,2,-1,1,1,4,-0.9626570915619386,-0.2,0
-0.5452054869378173,2,-2,-2,1,13,-2.451271409057477,0.06980928864137859,1
0.03287670661818254,-1,0,0,1,14,-4.027609997774064,0.14057993854738254,1
-1.1589041147679566,2,-1,2,1,2,-1.1927081167255844,0.23277188604699522,1
-5.602739734193236,3,0,1,1,-27,-1.150470366886172,0.2322201317027281,1
-5.2328767182822205,-4,2,1,-1,-43,-1.0324536209783792,0.2340702210663199,1
1.5999999957086501,2,1,0,0,2,0.3937922704528227,-0.08769528699409648,1
-4.501369868123799,-4,-1,-1,-1,11,-0.2555217997322634,-0.03977859762940773,1
-5.860273978893169,1,1,1,0,-7,-1.455834918011359,0.3130452381655121,0
1.39999999362972,-4,0,2,0,-15,4.112579705248933,-0.3661162957645369,0
-1.5260274020807003,-2,1,1,1,0,2.1924776656091387,0.0,0
-5.0054794588427285,4,1,0,-1,-41,1.2978850295433202,-0.06414490032580492,0
2.3287671157611243,2,-1,-4,0,-15,-0.3463639355051007,-0.34794340243501154,0
-0.4602739780448353,5,1,-1,1,1,3.0218978845797944,-0.2698650674662669,1
-1.9205479526799856,-1,0,-2,-1,5,-3.5360406091370553,-0.1692047377326565,0
-14.052054799858986,-3,0,0,0,-10,0.13792634165319306,0.20971194340937233,1
-1.0520547992761884,1,0,0,-1,0,1.2721474838066766,0.1111111111111111,1
3.2575342421450415,3,-1,-1,0,-4,1.6057456696239965,0.06320236586396281,0
-2.5205479509088704,2,1,1,0,-23,0.4864287998183956,-0.01835423676965433,1
-7.309589045864225,-1,0,2,0,-2,0.21111111111111036,0.0,1
-5.364383569019722,-1,-1,-1,1,-18,0.6135470570911687,0.13333333333333333,0
-4.339726032660707,1,0,-1,-1,10,0.18582629060177114,-0.03278688524590164,0
-5.076712334428848,0,-1,-1,0,-18,-0.4566735669097879,-0.029600108340265822,1
-1.0054794580983284,2,1,0,1,-3,-0.5575343188708346,-0.012208780705200761,1
-6.6082191866073074,3,0,-1,0,-13,-1.9832467018649642,0.24829806682219402,1
-6.7863013780510215,0,2,-1,0,-22,-2.9761651066341,0.5714199848094902,0
-0.6219178168318535,-1,0,-1,-2,-18,-0.9896713615023471,0.2222222222222222,0
6.027397253583523,-5,0,-1,-3,20,0.22287104622871023,0.031792376317923754,0
-1.9178082263726282,3,-3,-1,2,3,1.600936523182126,-0.28110359187922956,0
1.8794520421635355,0,1,3,0,-14,-0.9891892321151805,-0.15833976358724783,0
-3.3890411026330582,-1,0,1,0,-14,0.29161936560934887,-0.12033388981636058,1
5.7123287617318255,-1,-1,0,0,10,-4.165484052015061,0.02348347112990433,0
-0.2520548017635065,-3,0,-1,-1,11,0.020206844542081992,0.01975633849193283,1
1.947945199287581,1,-2,-2,0,27,-0.86082390010503,-0.07916909791107479,1
4.758904103849346,-2,-1,1,-1,-1,-0.3478086924895436,-0.021022004000727408,0
6.293150679193271,-2,-2,1,-1,10,-1.5126563649742457,-0.6169977924944812,0
-2.3534246637555754,-5,-2,-2,1,-17,-0.8555363874512811,0.010693784489977098,0
0.48493150063039536,-1,0,0,-1,3,-6.3071063329753425,0.08827892168890851,1
-0.09589041777492469,-1,1,1,0,-21,-3.345097455735754,0.1909537271239399,1
-2.884931516383787,0,0,0,0,-19,1.205234881963217,0.09874643370261676,0
-7.304109596446764,-1,-1,-1,1,-10,-0.4730485819057977,0.11402862021114744,1
-1.0547945328878399,-1,0,0,1,0,-0.26555265268113515,-0.09964044595049018,0
-12.172602744849087,2,1,2,-1,12,-1.0344811857453102,-0.09102911401065833,1
-6.542465760939848,-1,2,2,0,-40,9.044477028347995,-0.05376344086021505,0
-0.9863013762085515,-3,0,0,-1,0,-0.053331960037079185,-0.05639097744360903,0
5.076712322357057,0,1,1,0,18,0.4566735669097879,0.029600108340265822,0
-6.293150691870654,2,2,-1,1,-10,1.5126563649742457,0.6169977924944812,1
-1.1698630184274457,4,3,0,-1,-14,0.666666666666667,0.42222222222222217,1
-8.202739732595035,1,0,1,-1,-18,-0.10101010101010122,0.07676767676767676,1
-2.843835625707065,-2,0,-3,-1,-34,2.175426713627743,0.2783870998954987,1
2.0849315003737985,-2,0,1,0,13,0.050669246895661324,-0.17958393807450412,0
4.901369854946701,-2,-3,-1,0,9,-0.007034721785332376,0.010659869221926327,0
11.09041095259792,4,-1,1,2,-7,1.9697841602107995,-0.031185031185031183,0
0.9589041023964384,5,1,-1,-1,-9,-1.339896126820327,0.21148036253776434,0
-0.8301369911779233,-2,1,1,1,-10,0.3418062776814943,0.17862507221259386,1
-0.3643835678462395,0,-3,-3,1,-12,-0.17962831439393945,-0.16512784090909094,0
4.561643829170816,-2,-2,-2,0,20,-1.77697081541232,0.03348563094369947,1
0.9835616368886022,-2,-2,-1,1,1,0.22649572649572658,0.4728826728826728,0
2.6712328720694174,-2,-1,0,2,3,0.21479974799038093,0.3026481715006305,1
2.8767123229934413,-3,0,1,0,-5,-2.0481444493909753,0.1474333521836259,1
6.041095885547289,0,-2,-1,1,-7,-1.560158382307713,0.08713085842747523,0
0.1424657477391591,2,1,-2,-2,9,-0.1860082304526749,0.13662551440329218,0
1.2246575142752079,-1,1,0,0,-23,-1.930404594020383,0.028943560057887122,0
1.2520547870778387,-3,1,1,-2,6,-1.958016257350398,0.011503486318702325,1
5.958904094439053,0,-1,-1,0,9,-1.3408064359384968,-0.19292604501607716,1
6.043835609842809,-5,0,1,0,23,-5.4162481404942895,0.0,1
6.328767118090376,5,0,0,2,-5,3.6128749887213,0.19629225736095965,1
0.8273972559178091,4,0,2,2,-4,3.7484690034926125,0.04701688431832149,1
1.9205479399959664,1,0,2,1,-5,3.5360406091370553,0.1692047377326565,1
-1.1123287746566533,1,0,0,1,3,3.9981280454536883,0.11111790491599718,0
2.2958904040114803,3,0,2,0,-14,0.014222378297703786,-0.11483253588516748,0
1.161643829828229,0,0,-1,1,-5,0.1250630358043363,0.05486636409480583,0
5.83561643293401,-3,0,0,0,0,-4.998822806019003,0.13468013468013468,1
-0.44931507512924895,-2,0,-1,1,-6,-3.2,0.17777777777777778,1
1.6849315013950061,0,-1,0,1,-10,-3.0888888888888886,0.08888888888888888,1
1.843835611159534,0,2,-1,-1,-25,-2.832482796611391,-0.02844192968820211,0
4.813698625324459,4,1,1,1,0,-0.4476354347748961,0.0276279845318764,1
-2.8767123348961903,3,0,-1,0,5,2.0481444493909753,-0.1474333521836259,0
3.252054789394279,8,0,-1,1,9,1.4345596190983754,-0.050697084917617236,0
1.7671232825638654,5,0,-2,1,7,2.6895000221425085,-0.04951950755059563,0
7.85479451406481,6,0,-2,1,3,-0.039150423648314,0.025806451612903226,0
9.054794512756786,4,1,-1,1,-17,-0.9990796676422324,0.2523227911025222,0
1.6465753360189055,-2,1,-2,0,2,-4.291970424627717,0.3008499464464637,0
-4.04383562268211,-2,2,2,-2,3,0.32601632879014186,-0.05796936437858138,1
-5.673972611303782,0,-2,1,0,19,-2.3086315346814397,-0.046172862601527344,0
5.91780821260803,0,-1,1,1,1,-0.5384482460687745,-0.022222222222222223,1
5.482191772282825,-4,2,1,-2,-11,1.0970170058544744,-0.3715170278637771,1
-0.2602739802243548,4,0,1,2,-11,-2.637737303652308,0.015187433747711268,0
1.7945205421187254,1,-2,2,1,1,4.271663097787295,-0.1365691172971687,1
2.7068493094067065,-2,-1,2,2,-10,-2.2381939946399814,-0.5098732492289774,0
2.328767115619925,1,0,0,0,-4,-2.967266215998713,0.12232415902140671,1
-0.983561651369925,2,2,1,-1,-1,-0.22649572649572658,-0.4728826728826728,1
-3.3835616527041523,3,0,1,0,-8,-0.9564949836475898,-0.21455191630884962,1
4.260273966416797,3,0,0,-1,26,0.3810364065703089,-0.0711523989931754,1
5.975342459752476,-2,2,3,0,42,0.7599990925383979,0.016089992269125192,0
-6.027397265386611,5,0,1,3,-20,-0.22287104622871023,-0.031792376317923754,1
-8.361643844583373,1,2,1,0,-14,2.1564986737400536,-0.16923076923076924,1
-0.7972602813032097,6,1,2,0,6,0.34247988446461797,-0.06062433543349571,0
4.101369856636758,1,0,0,0,-2,2.207125297537753,0.17208413001912046,1
6.153424651548075,2,0,3,1,-27,0.5737870195337114,0.03780718336483932,1
3.7013698571553135,2,0,0,1,10,-2.7829842254978017,-0.029583656581329193,1
7.0739725984368995,-2,0,-2,0,1,1.4389210019267824,0.044444444444444446,0
6.958904100578231,-1,-1,-1,0,-6,2.622222222222222,-0.04444444444444445,0
2.7999999930547297,1,0,-1,-1,-6,-2.8036940563580397,0.12108816276469606,0
-1.1616438416977388,0,0,1,-1,5,-0.1250630358043363,-0.05486636409480583,1
-3.0136986352852304,-1,0,0,0,15,-3.198735644732806,0.1283764229628821,0
-3.328767129794329,0,1,0,0,9,0.15813953488372112,0.017054263565891473,1
-3.9041095960787757,-1,-1,-1,0,16,-3.21896323454527,0.07833791628475405,1
0.5232876665538768,0,-2,0,0,13,-3.6444444444444444,-0.06666666666666667,0
-5.635616449780315,-3,0,1,1,17,0.7399239469388155,-0.045749142203583684,1
-4.758904120007074,-6,-2,-1,2,9,0.1290475766479675,0.0,1
-0.15068493748427159,0,-1,1,1,25,2.568751888788154,-0.2901178603807797,0
0.9232876597998754,-4,-1,-1,1,20,1.96741896627438,-0.12759170653907495,0
2.3095890342206076,-5,0,0,0,-38,0.2926680428806563,0.18882769472856017,0
-10.065753433739761,2,2,4,-3,-23,-2.3429480703776275,-0.015816674816099774,0
-0.3534246645276191,3,1,2,-1,-27,-2.1063346056775756,0.07884362680683311,0
-1.4356164490729384,2,0,1,0,-15,-0.9795144157814866,0.031851873467958446,0
-1.6000000070126532,-2,-1,0,0,-2,-0.3937922704528227,0.08769528699409648,0
-1.4657534311089577,1,2,1,-1,-39,1.3613958405093065,0.01597063158000529,1
-5.178082199957643,2,1,0,-1,-10,2.826992071816665,-0.0025943244108991848,1
-3.6027397322508534,-2,0,-3,0,-8,-1.6880256835754892,-0.10427944311612063,0
2.9287671179421864,6,-1,-3,0,13,-0.6088918127094276,0.015580368735393403,1
-6.331506856381214,-3,0,3,0,-30,1.1011588309795473,-0.17641293694870958,1
-11.827397266742452,-2,1,-1,-1,6,-1.4343103094896499,0.21964357975835738,1
-3.786301376015423,-2,0,2,0,-10,-0.7570897361229334,0.12136553021818018,0
-2.586301376855019,-3,0,2,0,6,-1.6339608070277052,0.09740322424944492,0
-9.553424665070054,-3,2,-1,0,-38,1.7816927858770901,-0.07281396684076388,0
-12.520547952838314,-3,3,1,-2,5,0.9208705836248794,-0.06484056102416676,1
-3.4630137032951254,1,-1,-1,1,-1,-2.0146419647997225,0.07634035298766195,1
-1.876712334022379,1,-1,1,1,1,-0.8756057534511053,0.22004054445409787,0
5.164383555732435,1,0,0,-1,-28,0.17440615009033555,0.31777083476482454,0
0.8164383499196504,-4,2,1,-1,-42,-2.3549230954355065,0.5284335073459479,1
5.813698624372691,-6,3,3,-2,-41,-0.11292731738138517,0.3902807849606489,0
-1.819178087829755,-3,0,2,1,-19,-1.774912655064901,0.5129165468898569,1
-0.18082192251931417,1,0,-2,-1,7,-1.6394319131161241,-0.03007518796992481,1
4.863013693317004,-2,-2,-2,0,8,1.1980408777347447,-0.13654984069185253,0
1.112328758321219,-6,-2,-4,2,-45,1.2082376632111052,0.02945103813929048,0
5.460273967354858,-4,0,-3,1,6,1.1989872792392244,-4.940101272077335e-05,0
-8.59178082708872,-7,0,-1,0,-7,0.9822812232877327,0.012853034513546906,1
-0.06575343382473164,-4,-1,1,2,-15,0.6850574712643676,0.26206896551724135,0
-5.887671239038909,3,0,1,2,-5,0.9022386493858643,0.182707361557209,0
-3.336986310688893,-4,1,1,0,-11,0.9958500931177878,-0.07238951298121488,1
0.5452054683156362,2,1,2,0,-27,-0.08817215661603317,-0.24780410029342692,0
-6.0630137068830265,6,0,0,1,-18,0.6231593038821956,-0.017328573553473153,0
-5.835616449924274,3,0,0,0,0,4.998822806019003,-0.13468013468013468,0
-3.810958910288395,-6,-1,-1,1,13,1.4274914276060375,0.0,1
4.775342458259033,1,-1,-4,1,8,2.218885339013135,0.022222222222222223,1
-7.632876720735769,1,1,0,-1,-1,-4.759119195787458,-0.006499654273708848,1
-6.720547951778034,-2,1,1,0,-1,-0.5729340533464251,-0.08941253477335953,1
-5.04383562697339,4,1,0,-1,12,-1.5567825494205865,0.06666666666666667,1
-0.8794520665254311,4,1,2,1,-20,-0.6810127706981333,0.0,1
2.0657534191403784,0,0,0,2,11,-0.15677321156773205,0.0,0
-1.0273972665049484,5,0,1,0,-5,-1.4078095267007873,0.0,0
-2.043835624573447,2,-1,0,3,0,-1.1857261200605733,-0.05002084201750729,1
-2.158904117259638,6,1,1,-1,-27,-0.4321783811813513,-0.02868995427332296,0
4.715068486962181,4,-1,-2,0,1,0.25093236235242156,0.2,0
2.2301369794341994,0,0,-2,-1,-2,2.6034789987271956,0.1902984019233489,0
4.279452047067828,5,-2,-2,0,24,-0.11581695821125937,0.14268727705112963,1
-1.5945205562957838,1,1,2,-2,-31,0.20628103765612904,0.012407169849840631,1
1.6767123196586695,-4,-1,2,0,-21,3.9165987727530553,-0.0932398288042077,0
-6.931506855759643,2,3,3,-2,3,-2.5894682821608708,-0.06366821961526434,0
6.298630130079339,-4,0,1,0,-45,3.993584487174392,-0.09054325955734406,0
-3.2520547993340614,-8,0,1,-1,-9,-1.4345596190983754,0.050697084917617236,1
-9.520547953263854,-1,3,2,-3,-36,-0.39427785717672403,-0.10060711971479597,1
5.180821912453965,1,2,0,-2,19,-0.8967160064721038,-0.24324324324324323,1
-2.002739734503983,0,1,1,-2,-36,1.611989346137975,0.2067599504820497,0
-0.9315068577031056,0,2,3,-2,-40,1.553873603155226,0.06479481641468682,1
-1.7013698696266175,2,2,1,0,-24,3.1199551389890248,-0.04681566931026196,1
1.7068493076655216,3,1,1,0,-44,1.615211511414043,0.07938980850373255,0
6.106849308904053,2,2,-1,1,13,-0.782190720674766,0.12355768654258936,0
-5.523287679875921,-3,1,0,0,-33,1.3093964858670732,-0.09523809523809523,0
-8.956164392775207,1,0,0,1,0,-2.786061125392746,-0.06169665809768638,0
0.24109588324466813,0,-1,1,-1,-54,-0.9852923000865159,-0.11123470522803114,0
-2.0657534328181697,0,0,0,-2,-11,0.15677321156773205,0.0,1
-2.7178082287559917,2,0,2,-2,-11,0.48299570288520544,-0.10570902394106814,0
4.635616432860033,5,0,-1,-1,-10,0.4978457358716222,0.032555615843733045,0
6.495890405515858,2,-1,0,1,6,1.5464589615558335,-0.05156816544786417,0
-5.865753433290649,0,0,1,0,-63,-0.992304769307915,-0.03050330452465684,0
-4.347945220211756,0,1,3,1,2,0.6598785280457311,-0.0690246516613076,0
-5.97534247558513,-3,-1,-1,-1,-16,-1.953207419420869,-0.05272874710670928,1
-3.0657534362086807,-3,1,1,-3,7,-0.8662169289005726,-0.025778811283218732,0
5.378082185070767,-3,0,1,0,-1,0.7505057111987963,-0.036485253876558224,0
2.4191780748204934,-1,-2,1,1,35,-1.1624896565915424,-0.12652889076339097,0
-5.6821917883029585,-1,0,-1,-1,3,1.9047396366116225,-0.05079643431243608,0
-0.48493151234370657,1,0,0,1,-3,6.3071063329753425,-0.08827892168890851,0
0.11232875600948233,1,2,0,-1,-42,-2.068718905836716,0.1421634805089578,0
-0.6328767195068821,-5,1,-1,-1,23,-0.8682038144036439,0.037650630989657465,1
3.2191780740530476,1,1,0,-1,-16,1.0223240934309437,0.023412002139639926,0
-6.764383568353438,-1,1,1,2,-36,4.146139359698681,0.1404554014723506,1
-3.6657534302215957,1,0,0,1,-1,-3.8937339927581025,0.3550295857988166,1
3.041095882068433,3,0,2,1,-33,-2.44195688225539,0.23540630182421224,0
4.7972602667583075,5,0,-1,-1,-2,3.1428571428571432,-1.0476190476190477,1
0.8657534186919413,-3,1,0,0,-7,3.8049914094639634,0.0,1
-7.3671232995131355,3,2,3,0,-16,-0.4240215924426449,0.0,1
0.8301369758015298,2,-1,-1,-1,10,-0.3418062776814943,-0.17862507221259386,0
-0.20000000565924836,-5,-1,0,-1,-7,3.511111111111111,-0.15555555555555556,1
-5.386301377785678,6,1,2,0,-16,-0.9388535031847134,-0.012597310686482663,1
-6.463013709480407,4,1,3,0,-43,0.5426877470355733,-0.007378129117259553,1
-3.5726027477390545,4,1,1,0,23,1.2102170071673908,-0.06978775785732724,1
-4.065753433169299,0,1,3,-1,-14,1.586700169636873,0.12371134020618559,0
-2.9753424718411665,-1,1,2,0,23,2.721804444060358,-0.03179650238473768,1
-2.794520554531843,5,1,3,1,-28,3.984871794871795,0.0,1
-5.808219191356095,5,0,1,1,12,3.018799603174603,0.0,1
-1.068493158677093,3,0,-1,0,-2,0.4041353263891043,0.0018489297198913887,0
5.523287665541542,3,-1,0,0,33,-1.3093964858670732,0.09523809523809523,1
1.7013698543945353,5,-2,-3,1,20,2.863675639747424,0.029112662013958124,0
3.9424657483474377,5,-3,-1,2,4,0.13444909344490874,0.08396094839609484,0
6.189041055613899,3,-4,-3,3,16,2.5215408501620757,-0.008816390697114512,1
-5.457534252438293,5,1,2,0,2,0.47652982184353254,-0.019175488424132886,1
-9.084931513087739,-1,-1,0,0,-30,1.8825657005323415,-0.11879064036133631,0
-0.46849315632775657,1,1,0,-2,-28,1.9919413286488412,0.06973942509371385,1
-5.542465762091236,-4,4,1,-2,-21,-2.710347643341047,0.06235941956304929,1
-3.364383568126989,-1,2,-2,0,-11,-1.4324733402132779,0.06666666666666667,0
-4.391780827629024,-1,1,-2,-1,-15,-0.17414399891653787,0.02477291494632535,0
-6.427397266455067,1,-1,-2,-1,-19,-1.9543358609424892,-0.02971768202080238,0
2.520547939702464,-1,-3,1,0,6,-0.7704009542159831,-0.21967152949811908,0
5.690410951621832,2,1,-2,0,-15,0.09097425871619436,-0.04353209514499836,0
-1.2904109675491924,-2,-1,-2,-2,11,1.2710382513661203,-0.014207650273224015,1
-0.6794520610481598,0,1,-1,0,-8,-1.4065328610783152,-0.15904499540863176,0
5.0794520471365985,-1,2,-1,0,-30,-2.5938930027456544,-0.003910475081121568,0
-1.9589041152862094,2,-2,0,2,3,-0.5158136860264522,-0.044444444444444446,1
-0.1726027447266958,4,1,0,0,-8,1.533867899441569,0.27887168367868753,0
5.698630130781261,1,1,-1,-2,-21,1.8910844549703052,-0.5003299375378525,0
5.2438356102029715,-2,-1,1,-1,-3,-0.3621859330169199,-0.05421929048346874,0
4.106849305770737,3,1,0,-1,2,-2.161886336154777,-0.11843611446997179,1
-2.301369868516595,-4,1,1,-1,-8,1.5999640861035669,-0.06733855581243968,0
-3.3808219226818217,-4,1,1,1,-14,-0.27602366416102075,-0.03121748178980229,1
-1.835616443761758,0,0,3,1,-6,-2.354354755021867,-0.0044177599881402435,0
-3.0273972682827193,-2,-1,0,2,-8,0.6461072724437855,0.036426839773877645,0
-1.4301369946918783,-2,-1,0,0,-18,-1.7429917550058893,0.23425206124852763,0
-6.780821926742867,2,-1,0,1,-12,1.143287560113564,-0.2565038530621705,1
-2.035616449992993,2,0,-2,0,-12,-1.399333909617064,-0.06876790830945559,1
-2.6602739804183386,2,0,0,1,6,1.1815443490219821,-0.11158128296052372,1
-3.1835616509323614,2,1,1,0,2,0.5305356209305634,0.060453400503778336,1
-0.36712329568563007,-2,-1,-1,0,-7,0.7821073864510515,0.0821167883211679,1
2.9232876590768058,1,0,-1,0,19,0.6709962307577926,-0.10468860111331647,0
-1.1342465843342282,-3,2,-1,-1,-6,1.2366905464250597,0.006517769349627757,0
2.6301369770029197,1,-1,-2,-1,36,-1.5800162469536962,-0.19925986099828505,1
2.298630130305014,3,-2,-1,0,30,2.0931928853233046,-0.3048347110260187,0
-2.0520548020329485,2,-4,0,2,18,2.1640444264852423,-0.14284541366891998,0
4.060273966522075,-1,-2,1,2,32,0.5995632915340945,-0.16631106120157216,1
-6.328767129655944,-5,0,0,-2,5,-3.6128749887213,-0.19629225736095965,0
-7.8547945253154445,-6,0,2,-1,-3,0.039150423648314,-0.025806451612903226,1
-3.706849321053241,-2,-1,0,1,-7,2.5489595602669803,-0.044444444444444446,1
-4.695890417042936,-6,0,1,0,-34,-2.2993428378516914,0.0,0
-2.5561643885420473,0,0,1,0,-5,-0.28151183970856053,-0.044444444444444446,0
-0.5178082267305939,2,-2,1,1,-17,1.6859527256617284,0.19071837253655435,0
-0.2575342536884193,6,0,2,0,-25,-0.6338753101409496,-0.12634944306604023,1
5.561643829898468,1,0,2,0,-4,-1.6940149071086887,0.087607075314273,0
2.1808219125515222,0,0,2,0,-10,-2.685988560089535,-0.0400266844563042,1
-5.419178092960465,4,0,2,1,-17,1.545828434053215,-0.022354694485842028,1
3.936986285290047,3,-1,-1,1,-14,1.6237250497069233,-0.060422960725075525,0
-5.679452061816281,2,0,2,0,6,-5.413306451612906,0.21169354838709675,0
-3.728767133914104,-1,2,2,-1,-28,6.309249287007057,0.09630818619582665,1
2.8931506769053144,-1,0,1,0,-25,0.6795139635626288,-0.07852263766423954,0
3.8712328714185986,4,2,2,-1,-9,-0.25740325844257894,-0.03230746388549956,1
2.6630136925835544,1,2,2,-1,-1,0.901840033308269,0.12569832402234637,1
-2.991780829327439,6,1,-1,0,-4,0.7541409101807028,0.10113404599818608,0
1.8191780777119462,3,0,-2,-1,16,-3.1528888888888895,0.03733333333333333,1
2.931506844771498,-1,-1,0,0,4,-1.5514697690850867,-0.36113499570077384,0
-1.8383561753495954,1,2,2,-1,-13,2.403331814928093,-0.09917355371900827,1
3.3643835555767936,1,-2,2,0,11,1.4324733402132779,-0.06666666666666667,1
3.6931506775605314,3,2,2,0,-14,0.08976414546299605,0.02091321017776229,0
0.41643835104891735,-2,-2,-1,0,22,0.20623547469687153,0.01729605073508216,1
-3.063013704898623,2,-1,-1,-1,6,-1.1245843422114596,0.010944309927360781,0
5.8301369804181,2,-2,0,0,5,1.3406451612903227,-0.03477726574500768,0
3.227397253307835,2,0,2,1,-1,0.5840972283628578,-0.1306727188768041,0
6.038356158517892,-3,0,2,0,-39,-0.08887365775645328,-0.4716964552468322,0
6.8712328714380035,-3,0,0,-1,4,-2.0262245419373675,0.12504562376815825,0
-1.4602739874871844,-3,0,0,0,-12,-0.08981516727995675,-0.17140379816436158,0
9.06027396074505,-5,1,1,-1,-33,1.5372661500920417,0.14715955306305922,1
1.9013698545011124,-5,2,0,0,-59,0.8513222113082448,0.1684610780281171,1
6.180821908765431,-7,1,-2,0,-18,-0.09615384615384581,0.0,0
0.13150684387690603,3,1,1,1,1,-1.0858149215497916,0.061799551713096396,1
-7.180821924585427,-2,1,0,1,-1,2.311111111111111,-0.08888888888888889,1
-3.257534253018271,-1,2,0,-1,-8,2.822222222222222,-0.06666666666666667,0
-9.745205485134736,1,1,0,0,15,4.311111111111112,-0.04444444444444444,1
2.2849314995904706,-10,-1,-2,1,-14,-0.9689778840406453,0.1686192468619247,0
3.4136986157140186,0,1,-2,0,-17,-4.489820150165881,0.2352365985681858,1
3.810958899082447,6,1,1,-1,-13,-1.4274914276060375,0.0,0
0.5424657467833356,10,0,1,0,6,0.12688620258440952,-0.1111111111111111,0
-1.1643835673527079,7,0,-1,-1,-2,2.6237814142989686,0.0,0
-4.967123293807774,0,2,0,-1,-20,2.28696397776429,0.2566066456641329,0
-10.15616439278675,0,1,0,-1,-19,0.7103448275862072,0.12109270040304523,0
-0.4602739781449543,-3,1,1,-1,-35,-2.514051208850031,0.038711128867718866,1
2.0246575282649317,-2,1,1,-2,-10,-0.513086565089302,0.05635002506119652,0
-6.3780821991449415,0,0,1,-1,-9,0.3497895832390605,-0.11131725417439703,0
0.29315067601610423,-1,1,0,0,-6,-1.899176810315439,-0.05655042412818096,0
-1.0739726095993163,-1,-1,-1,1,5,0.2538908246225322,-0.0878823073945025,1
5.9479451955342775,2,-1,-1,1,-4,2.1819282079493894,-0.2606519048273965,0
-2.709589046040776,-3,-1,0,-1,12,0.7631322007420427,-0.05272407732864674,0
-11.435616451701932,0,1,3,0,-13,3.219815010242722,-0.0449438202247191,1
-9.03835617024166,-1,1,3,1,-5,2.5170839494250288,-0.10365355876428142,0
1.789041090419147,0,-1,-1,1,-1,0.9346733490545187,-0.06545579345689737,1
-1.630136991808186,0,1,-2,1,-5,-1.5266946816831553,0.02466091245376079,0
-6.487671238817729,-1,-1,1,1,-9,-3.013451513328313,0.0033694401947764255,0
-3.0821917868094886,3,0,-2,-1,-1,1.36094659252554,-0.1532652269494375,1
-5.334246581911465,-2,2,-1,-2,8,1.0383419689119169,-0.030899670277908617,1
-5.289152227305749e-09,-5,0,0,1,-11,1.968164074351247,0.1539410610626808,0
-1.4657534318832361,-1,0,-2,-1,-9,0.18550724637681126,-0.1942028985507247,0
9.745205473425454,-1,-1,0,0,-15,-4.311111111111112,0.04444444444444444,0
12.808219172958399,-2,-2,0,0,0,-3.266666666666666,-0.06666666666666665,0
5.350684923389679,-5,-1,-1,1,9,2.8698908514122374,0.03758104363471075,0
0.21369862354854519,-3,-1,-2,-1,2,-2.5816372874363522,0.02737226277372263,1
1.2986301299455576,-2,-1,0,0,18,-2.244444444444444,-0.08888888888888888,0
-6.767123293856038,-1,-1,-1,-1,8,1.286868686868687,0.0,0
3.060273966064976,-3,1,2,0,-9,-2.0549336560487537,-0.0440852314474651,1
0.8602739662232963,-1,0,3,0,-46,-0.10821705359658784,0.11892905770930891,0
0.695890401562572,-7,1,-1,0,-5,0.08385255668951652,0.13973960417372033,1
7.158904103686929,-6,1,1,-1,-2,-0.4169884169884175,-0.4008918375115559,0
7.150684926738336,-2,1,-1,-1,8,-1.0993573953669658,0.06344841027084677,0
2.5342465680415813,-6,-1,0,0,-2,1.2455755601602876,0.0010683157699533166,0
9.019178076706773,-2,-1,-1,1,18,-3.5663965289213464,0.10122311261071278,1
-5.106849321981066,-7,0,0,-1,0,-2.6657196937330947,0.10321230262757647,1
-7.953424663940325,-6,1,0,-2,-3,2.967364236095941,0.2059025394646534,1
2.2630136911988217,-2,0,0,1,7,-2.9643031868782668,0.023534662558257285,1
0.4082191717277439,-4,0,1,2,-23,-3.900910746812386,0.0,1
-6.389041101106564,0,1,0,0,2,3.2444444444444445,0.06666666666666667,0
-4.230136992046077,2,-1,-2,0,4,3.2318282664747855,0.10095340888649038,1
-1.5863013761983495,5,0,1,-1,-13,1.7162255774631099,0.03914309763055769,1
-2.227397265368019,1,-1,2,0,-7,0.7707244529424262,0.06097301890800935,0
1.2575342409036665,5,0,0,-1,-12,0.5565237330887416,-0.024489795918367346,0
6.419178073943431,-2,1,1,0,-10,4.289570915866479,-0.1330764263103846,0
-1.2739726096889044,-2,-1,-1,0,-3,2.4431907169681035,-0.05680302829393265,1
-0.6301369936334993,-9,1,2,-2,-34,2.264201022754031,-0.09334638204504526,0
-1.4821917864969834,-2,-2,0,0,-6,-1.0981644434292788,0.025400632858181282,1
-3.780821922315546,1,-2,1,1,0,-2.035513103110458,-0.0229406482161809,1
-1.219178090055017,-3,-1,1,1,15,-5.295393800630849,0.057747834456207896,0
7.42739725412995,5,-1,0,0,-4,-2.133333333333333,0.13333333333333333,0
3.4082191720478505,2,1,0,0,1,-0.3537796378402276,-0.005307567964863452,0
-6.101369868493535,3,2,4,0,-20,1.6632008154943927,-0.04994903160040775,1
-8.68219178620491,-3,1,0,-1,-29,1.6314457570863587,-0.09228904120621761,1
0.5945205431211633,-3,1,-1,-2,-24,1.861312618788062,0.03112033195020747,1
1.0520547889098495,-1,0,0,1,0,-1.2721474838066766,-0.1111111111111111,0
-5.441095895626866,2,0,-1,1,-4,-1.9725599737101542,-0.0335195530726257,0
-0.4712328835741957,1,1,0,-2,-26,-0.026523297491039433,0.11971326164874552,1
5.438356155907094,0,0,0,0,-25,-0.5865105677579778,0.03595109821798591,0
3.8739725966894696,-9,0,-1,-2,6,1.227821842586943,0.0008541793776693091,0
-0.18630137860051832,-8,0,-1,-3,-18,-1.5214319359397068,0.023457371643900143,0
1.2109588965232163,-3,-1,0,-1,-1,-0.31091952938669554,0.014671983503452134,1
0.9342465693089537,-1,-1,2,-1,1,1.138958920361857,-0.07272727272727272,1
2.186301364196183,-1,2,2,-1,40,-0.5144263971700753,0.006352570286840942,0
9.504109580529928,-9,-1,0,-1,26,0.2814421611394331,0.011212137138452372,0
-7.4493150840945574,-3,0,-1,-2,-30,-1.6324884164622508,0.19623875715453803,0
5.610958895553601,2,1,1,1,18,1.3870067448484957,-0.053652145481280805,0
5.317808214310411,4,-1,-1,2,-6,0.193698919961097,0.11875309252845125,0
10.315068488218284,2,-1,-2,1,-31,2.428108082745353,0.1787107255761031,0
-0.25753425216828774,2,0,2,0,-9,2.4895559721939122,0.24144109395092306,0
-5.350684936659178,5,1,1,-1,-9,-2.8698908514122374,-0.03758104363471075,1
-2.5698630204657533,4,1,2,0,-14,2.3710129601849355,0.0,1
-0.20000000657068284,5,3,5,-1,-36,5.839222702157734,-0.0862895493767977,1
-8.797260282013674,1,4,4,-1,-41,4.903068127695551,0.0,0
-1.3890411019838282,-2,1,1,-1,7,2.0291386082173934,-0.07868852459016393,1
-9.646575349592968,2,2,2,-1,-27,5.683722483858521,-0.014021967749474177,1
-3.9753424713209036,1,0,2,-1,-36,6.513920282264733,-0.2727272727272727,1
-1.2493150738153211,1,1,2,0,3,-0.14149220177040878,-0.01818181818181818,0
1.3999999906045417,-1,-1,1,0,-17,-2.744321767884248,0.06696509144712924,0
-10.613698638572707,6,3,2,1,-36,0.7819614032810773,0.2442281807543924,1
-4.320547961158525,5,0,0,0,-11,4.81752464026924,0.03327724166351867,1
-7.345205489903954,2,2,-1,0,16,3.0930808154884137,0.039289381050161346,0
-11.715068503021087,4,1,0,0,-1,3.457516339869281,-0.1947712418300654,1
-7.295890418035924,2,1,-2,-1,-5,-0.09339452092893907,-0.023751912112362675,1
-9.745205490181576,8,2,4,0,-32,3.936911281489596,0.06637458926615555,0
1.7780821842445746,-1,1,0,-1,-28,0.9150337115012626,0.0889877641824249,1
-2.9315068559394675,1,1,0,0,-4,1.5514697690850867,0.36113499570077384,1
1.4520547851839467,-2,2,2,-1,-24,-2.0354577424066553,-0.0093163312073537,0
-0.5835616498400569,-2,-2,-2,0,0,2.4993761822196494,-0.11563688348598503,0
-2.1972602805116637,-2,1,1,-1,7,-1.8917878674341764,0.026778841241186686,1
0.22739725431519986,-4,-1,1,0,9,-2.695547124189961,0.022480329711502434,0
2.9232876657464786,-3,-1,0,0,23,-1.6441843664210367,-0.10781678948128881,1
-2.0986301472318516,-5,-1,0,0,-33,1.8003044140030449,-0.044444444444444446,0
2.3479451988765234,-7,1,0,-1,-15,1.837376290289546,0.0,0
-1.6246575423489347,-2,0,0,0,-4,4.882770463651974,-0.137378362907842,1
-0.6000000085084665,-1,1,0,1,11,0.9609852852991372,0.0,1
-6.695890419083071,-2,1,-1,1,-29,3.4330969267139477,-0.025531914893617023,0
10.309589035371566,-4,2,0,-1,1,1.3777777777777773,0.0,0
-7.520547951968769,-5,0,1,0,23,-0.9679860099173381,0.24179200768372702,1
-4.978082197892128,0,1,-1,0,23,-2.2821059038344496,0.006086427267194133,1
-3.021917821282056,0,1,-1,-1,12,-5.8488127331142215,0.1440230436869899,1
3.4054794454862396,0,1,2,0,5,-0.9805121439845457,0.11173125397535869,1
-1.7013698702905842,-5,2,3,-1,-20,-2.863675639747424,-0.029112662013958124,1
-5.134246583356379,-1,2,2,0,5,-8.611392233797861,0.22105263157894736,1
-2.027397269306981,-4,0,0,0,-12,-3.1553335601918593,0.16265275374587115,1
1.2849314992228216,-1,-1,-1,-1,-3,-2.711111111111111,0.022222222222222227,0
5.690410952235162,-1,0,-1,0,3,-1.3133005775364195,0.10585294371174898,0
4.049315061294777,1,1,1,-1,-45,-0.5452756199024855,-0.06396588486140725,0
3.1369862915665223,-1,0,0,1,-33,-0.20457766135612143,-0.018808777429467086,1
9.599999993053459,0,-1,1,2,-4,-1.7271144090255168,-0.26595744680851063,1
3.887671225598872,3,-2,-1,1,19,-3.2350283257115557,-0.12307692307692308,0
-3.6547945263290202,0,1,-1,0,-4,0.8032688107253143,0.1918158567774936,1
1.1917808154571645,-3,-1,-1,1,-14,-4.184265010351966,-0.11180124223602483,0
-2.7232876763265494,0,1,0,-2,-2,-0.2797682579056868,0.025094102885821836,1
-8.342465759032937,1,1,1,-2,11,1.5495408622956668,-0.2551373430814316,0
-4.632876717890852,3,0,-1,0,-6,2.62550443839123,-0.07609384908053267,1
-3.438356169207662,0,1,0,0,7,0.9335204498072738,-0.037759597230962866,1
-10.471232884953135,0,1,-2,0,-11,-1.0771371041552253,-0.05440234303496246,1
-1.31780822521376,2,1,1,0,-3,-0.7416034753314769,0.016102470149844783,1
0.578082186020076,2,1,-1,-1,-13,-0.420317312308248,0.002627477088597341,1
1.5589041042346565,1,2,-1,-2,-6,-2.4169058260801375,0.04654591076609425,1
2.4630136923485537,4,0,-2,-1,-4,-2.418444846292947,0.07494474583082178,0
0.26027396667595326,-4,0,-1,-2,11,2.637737303652308,-0.015187433747711268,1
-0.9917808290154753,4,1,-1,-1,-24,0.5783702038984275,-0.024033402175324202,0
1.8082191718345086,2,1,-1,-1,10,-2.5011683832533707,0.022539444027047332,0
-0.12876713264938644,5,0,1,0,12,0.11012605392770691,0.0006344436096502176,1
0.37260273242196007,3,0,-1,-2,-2,1.6919786096256684,0.05454545454545454,1
-1.6273972713500484,1,-1,-2,-1,-7,0.017983013342801613,-0.04071289417158658,1
-7.021917818349664,2,-2,-1,0,26,6.500265533722782,-0.15131717076905976,0
-1.753424664985694,-1,0,0,0,11,2.874595791805094,0.0,0
8.120547937876648,0,-1,1,-1,19,2.2569713957165445,0.0,1
0.4246575260470635,-2,0,2,0,10,-3.8028601509036672,-0.017810142130198284,1
2.493150679623888,-2,-2,2,0,-13,0.46133699781747683,-0.10243310969202166,0
3.2794520485619287,2,0,2,0,-28,-0.11339413781843888,-0.020839864875624305,0
-1.9561643903644388,-4,0,3,0,-4,-0.44248564093294895,-0.02611218059521031,0
-5.671232880959572,-3,0,1,2,7,-0.5818811043690191,0.06621314341932397,1
-0.5424657584580785,-10,0,-1,0,-6,-0.12688620258440952,0.1111111111111111,1
-3.9589041163559386,0,0,1,0,-16,-1.9993287418227212,0.05199306759098787,0
-12.317808226073854,2,1,0,0,0,-2.0964830487362174,-0.11881188118811879,1
-11.68219178911799,3,0,0,1,-5,-1.331572483320136,-0.2114537444933921,0
-0.5945205549256443,3,-1,1,2,24,-1.861312618788062,-0.03112033195020747,0
-3.2054794585863107,8,1,1,0,-20,3.885792913656691,-0.10870313037495699,1
-1.8465753507406504,4,0,2,0,2,3.4667486203717313,-0.1044776119402985,1
-3.24657535217073,-2,3,4,-1,-1,0.6402220058733397,0.0,0
-4.509589046973012,5,0,1,1,14,3.1934050695902156,-0.29571217348447515,1
0.1863013635419506,4,-1,1,1,30,0.044262649581976454,-0.22849888924151063,0
-5.29863014835766,1,0,0,0,34,-0.8422167852647942,-0.025445292620865142,1
0.5178082115074574,2,-1,-1,2,59,-1.7150109174134496,-0.0322061191626409,0
-8.43013699253872,4,1,2,2,14,-2.875316927665921,-0.044444444444444446,1
6.358904104493142,0,0,-3,0,-21,-0.15242821694434605,-0.06896329476974639,0
1.3698630036562989,3,-2,-1,1,13,-2.791122134993155,0.0,0
-2.347945212620907,7,-1,0,1,15,-1.837376290289546,0.0,1
-9.043835625095646,5,-2,1,2,13,0.8929922670528372,-0.030565461029037184,0
-0.20273973160857395,1,1,2,0,6,0.4833396255703737,-0.0225140712945591,1
-3.2136986364954296,1,0,-1,0,5,1.457353927344772,-0.08446738620366026,1
0.47945204837182587,0,1,1,-1,-19,0.48317590356979556,0.05645556522891057,0
-0.6602739782960398,2,1,1,0,-9,-2.395006836446957,0.22411953041622198,0
0.6328767068544536,5,-1,1,1,-23,0.8682038144036439,-0.037650630989657465,0
-1.6465753471700566,2,-1,2,0,-2,4.291970424627717,-0.3008499464464637,1
1.6712328689365137,0,-1,3,2,-8,-0.8587605202754398,0.1614044036385276,0
-14.071232884312117,-1,-1,-2,0,-6,0.8385960597623208,0.020201842759396044,1
-4.531506859907914,-4,2,2,-1,-19,1.6131267633519772,-0.13215859030837004,0
-7.046575350558726,-1,0,1,1,-1,-1.8016987637709199,-0.024304095534437818,1
0.46027396730039527,3,-1,-1,1,35,2.514051208850031,-0.038711128867718866,0
-0.6383561699059399,-1,2,1,-2,13,1.1470588235294121,-0.17816742081447962,1
-3.0465753506276343,-3,1,1,0,-17,0.7185278994228605,0.011118127701797799,0
1.134246570177261,-9,0,2,1,-17,-0.27374190333831594,-0.06626806178375685,0
-0.6027397320793995,5,1,2,1,-4,0.026246719160105236,-0.11490230387868183,0
-5.180821921916639,-1,-2,0,2,-19,0.8967160064721038,0.24324324324324323,0
-8.706849322548894,-5,3,0,-1,-17,-1.609862033725089,0.32038834951456313,1
-3.164383568619037,0,3,2,-1,-19,0.5150155115667463,-0.3112391930835735,0
-2.068493157487225,9,2,1,0,-42,0.502026286783682,-0.07312614259597806,0
4.67671232325133,4,0,2,-1,-51,0.2752663747627655,-0.25884383088869717,0
-5.553424665907244,2,1,1,0,-24,0.3090246220801047,0.05170853276303409,1
-2.698630143891556,2,2,0,-2,-27,2.385439421013257,0.09307135470527404,0
-2.1808219233109796,0,0,-2,0,10,2.685988560089535,0.0400266844563042,0
-2.7863013751414627,2,-1,-1,3,27,-0.38526241842752373,0.010352540994213663,1
3.3671232830468973,0,-1,0,2,-3,-2.549566909726446,0.4171494785631518,1
-4.569863021513925,2,1,2,2,-31,0.8169205170869067,0.25710994496352235,0
2.3616438306722465,1,0,3,-1,5,-1.7515027010575972,-0.042709680691876556,1
-8.539726034986618,-1,0,2,0,-20,-2.8917647058823523,-0.08705882352941177,1
-2.4739726086629616,-2,0,0,-2,-26,-1.1303283783277798,-0.05810611450181603,1
-3.4054794581820147,0,-1,-2,0,-5,0.9805121439845457,-0.11173125397535869,0
-5.164383567210869,-1,0,0,1,28,-0.17440615009033555,-0.31777083476482454,1
-1.2109589100759734,3,0,1,0,-40,2.2580243221690592,-0.1480263157894737,0
-1.6301369942608162,-3,2,1,-1,-26,0.6074559177808525,0.0,1
0.3643835522285954,1,-1,-1,1,-5,-2.755832067234648,-0.060580418101044295,0
9.419178076358545,-3,-2,2,0,6,-0.8214115181168191,-0.14140812812514858,0
0.7999999942481892,1,-1,0,-2,-6,1.5053639094281386,-0.07545661269692838,1
-8.654794526596273,3,-2,-1,-1,-21,2.294744681841456,-0.08415025834380675,1
-5.97534247166023,2,-2,-3,0,-42,-0.7599990925383979,-0.016089992269125192,0
-0.8493150745616731,-1,1,0,-1,-15,0.6199346405228758,-0.15555555555555556,0
-3.65205479936688,0,-1,0,-2,-10,2.2530283016216517,-0.07756948933419522,1
-4.715068499688641,-4,1,2,0,-1,-0.25093236235242156,-0.2,1
-3.553424667457257,0,2,0,-1,-67,4.284329794693379,0.09852216748768473,0
-7.389041106071758,-1,3,1,-2,-24,1.1243485400157063,0.06614549867923182,1
1.435616432345352,-2,0,-1,0,15,0.9795144157814866,-0.031851873467958446,1
2.2739725975669707,-3,0,-1,0,47,2.6647329942784475,-0.03305785123966942,1
-3.8904109650832055,-1,2,0,-1,17,-0.6888888888888891,-0.044444444444444446,0
-6.6575342543423375,3,2,1,-1,-3,-3.4000000000000004,0.0,0
-2.923287677276189,3,1,0,0,-23,1.6441843664210367,0.10781678948128881,0
-3.123287675779963,-2,1,-2,-1,-28,-1.2632856509453037,0.09542743538767397,1
0.564383556035267,-3,1,0,-1,-22,1.0203743275717336,0.07988337764661373,1
3.1287671172003435,-2,-1,0,0,-46,3.018167915583423,0.04236121731151553,0
-10.67945206346866,0,1,-1,-1,-7,3.7887117683775875,-0.07391246939069479,1
-5.4109589102998115,-3,2,1,-1,-5,-0.8078289981972704,0.028328611898017,1
4.37808218565414,0,-1,-2,0,29,0.43881366860090276,-0.008768536428110901,1
-8.20821918608026,1,1,1,-1,-23,2.679023967375224,0.10430749845175896,1
-2.8301369921935233,3,2,2,0,0,-2.175734602137462,0.14392839551221107,1
-5.55342466421655,-1,1,1,0,-31,-2.0872055218316707,0.40404040404040403,1
-4.868493157565418,0,-1,2,0,-10,-3.3125952065872664,0.10566681370386707,1
-0.7616438425035135,3,0,1,0,-2,-3.817115697068166,-0.3821422508911899,0
-2.8794520608392915,2,-1,0,1,7,-1.2693260573733127,-0.052862262730226595,1
1.0493150624863716,4,3,4,-1,-41,1.2013830104584393,0.04012315441745473,1
-7.547945212516176,0,3,4,-1,-38,0.9516205407908966,0.08281573498964803,0
-3.0712328853827344,-5,1,3,-1,-28,1.6197524291228533,-0.03234393717556236,0
-3.923287677489938,2,-1,0,-1,5,-2.447123026098089,0.024096385542168676,1
1.249315061459793,-1,-1,-2,0,-3,0.14149220177040878,0.01818181818181818,1
2.0657534166078193,-4,-1,-3,0,2,1.7799038256305946,-0.1553856391326729,0
2.926027389873731,-6,-1,-1,-1,-39,1.3619621932944554,0.051546391752577324,0
-1.7780822017160034,0,0,0,-2,13,0.3437868269512816,0.0,1
-10.731506856679665,0,1,2,0,-15,0.280287861211884,-0.13497188624457856,0
-6.306849325787354,3,1,2,-1,-49,0.6405215615094382,0.0,1
-4.049315076505955,3,0,0,0,-36,-5.439442658092176,-0.10416666666666667,0
-1.5753424730354766,4,0,1,-1,25,-1.7716229248110165,-0.025094102885821833,0
-4.109589048711946,6,-1,0,-1,16,-5.369455004729937,-0.17362546506821,1
-2.600000007632204,6,-1,1,-1,31,-2.326984231914716,0.0,1
3.60273972007775,2,0,3,0,8,1.6880256835754892,0.10427944311612063,1
-3.3068493211285244,-2,1,2,1,-9,3.0298380221653884,-0.01875532821824382,0
-3.5753424715213384,0,1,1,0,-13,3.748616968394722,-0.19073809791062007,0
-6.041095896472697,0,2,1,-1,7,1.560158382307713,-0.08713085842747523,1
1.6931506797585598,2,0,1,1,-3,2.4145923901088695,0.07551919446192573,1
-0.5178082269264621,4,-2,-1,2,-10,3.401213358443911,-0.15787556846226464,0
4.657534238124391,5,0,-2,-1,-20,3.36474661630469,0.044444444444444446,0
-9.197260278748065,-1,0,-1,1,-28,1.1078576176057888,0.011609186913817265,1
2.9945205403530224,2,-1,-2,-1,-38,-2.554822588705647,0.04337831084457772,0
-6.5178082255760685,-7,1,-3,-1,-45,0.23834938680983253,0.054266014000736884,0
3.01369862400675,1,0,0,0,-15,3.198735644732806,-0.1283764229628821,1
7.309589035804162,1,0,-2,0,2,-0.21111111111111036,0.0,0
1.6082191723987265,0,2,0,-1,-11,-0.22873178795217797,-0.06688963210702341,1
-3.9041096038453915,0,0,1,0,-7,-0.4315056570931244,0.6812880765883377,1
-2.2986301450562507,-3,2,1,0,-30,-2.0931928853233046,0.3048347110260187,1
-2.66575343278884,-5,1,1,-1,-19,1.549865720285946,0.25070724632485836,1
-1.39452055385442,0,0,-2,0,-12,2.1369294605809133,0.18161759863004678,1
-0.1863013756372709,-4,1,-1,-1,-30,-0.044262649581976454,0.22849888924151063,1
0.33150684169447686,-2,1,0,0,-5,-3.132613613816856,0.2037971249397679,1
0.15068492474121342,0,1,-1,-1,-25,-2.568751888788154,0.2901178603807797,1
-6.791780827226983,2,1,1,-1,0,1.432655887691614,-0.03926701570680628,1
-1.6931506897538746,9,1,1,-2,-4,2.800680938538873,0.0,1
1.5041095826506208,8,2,3,-2,-11,0.8437050459194433,-0.38130417623018487,1
6.060273967426724,-5,-1,2,0,-27,2.611674554879423,-0.24444444444444444,0
-1.8931506908539113,2,1,-1,0,4,0.005660666999271591,-0.08174386920980926,0
-3.2356164434763777,2,3,1,-1,12,0.4893669941549561,0.0,1
0.9808219126170421,3,1,3,0,21,5.899244332493702,-0.05037783375314861,1
-8.13424658220763,7,3,4,1,-36,5.319677906391545,0.0,0
-1.6986301431776027,5,0,1,1,-41,6.441128734332132,-0.10074358359318782,1
-7.150684937727455,2,-1,1,1,-8,1.0993573953669658,-0.06344841027084677,1
2.7041095834409283,0,-3,-2,2,6,1.9294389820705606,-0.15037593984962405,0
-1.8136986353425328,-1,-2,-3,1,-45,0.5282380112789822,-0.34403669724770647,1
2.465753418463759,-2,1,0,0,-16,-0.089603601458764,-0.07174781131299576,0
-3.246575350582482,8,1,1,0,-44,3.599321378015209,0.17509727626459146,1
2.9095890287793296,0,1,2,-1,-15,2.0820040363499537,0.02524429038915431,0
5.975342459635122,3,1,1,1,15,1.953207419420869,0.05272874710670928,0
0.10958903240170059,3,0,2,1,6,-1.597957750404102,0.08866395407167943,1
7.641095882999309,1,0,1,0,28,2.538401486313929,0.09375397147197125,0
17.60821917131764,2,-1,-1,2,34,0.7416617018913265,-0.10686047803213136,0
14.904109583576517,0,0,0,0,15,-2.172310854581228,0.08982035928143713,1
5.106849308508082,7,0,0,1,0,2.6657196937330947,-0.10321230262757647,0
-6.890410964292016,-2,-1,0,2,11,-4.149926686217009,-0.030241935483870972,0
-8.80547946396074,-1,2,1,0,11,0.5521934426108883,0.029835902536051718,1
3.9890410877807554,-4,-2,-2,1,2,-2.6345088429575965,0.12820512820512822,0
-5.961643844076676,4,-1,0,1,6,0.26543801578624127,0.03515958482483861,0
-8.008219186094749,6,1,1,2,-22,1.882298850574713,0.12827586206896552,0
-6.254794525910327,1,1,3,1,-13,-0.03565323565323597,0.020757020757020767,1
-4.394520553990517,2,-1,2,1,-13,0.5102326437910505,0.42746301638941747,1
-0.4575342544932539,1,1,1,-1,-25,-2.1856342818525762,0.3885291396854764,0
-3.8246575426738048,1,2,2,-1,-54,-0.8473140247566393,0.3018867924528302,1
5.4712328697770545,-10,1,0,-2,-65,-0.27280387471677514,0.0035680400373065066,0
-7.309589059444736,-1,0,4,-1,-4,-3.063528322271955,-0.09090909090909091,1
-9.35616440136857,1,1,3,0,-15,0.3725034706154564,-0.12,1
0.7835616360346584,0,0,2,0,-11,-4.103197071473796,-0.04555808656036447,0
-3.936986308644439,-3,1,1,-1,14,-1.6237250497069233,0.060422960725075525,1
-2.3972602803195358,-2,-1,2,1,-24,-0.7165188698700762,0.05438234687564446,0
1.6246575287249527,-2,1,1,0,-6,-1.7422360248447202,0.0751552795031056,0
-4.405479459741628,0,0,-1,-1,-13,-0.8502072232089999,0.13333333333333333,0
-3.9698630192824282,0,0,0,0,-4,2.0275376384299886,-0.11261393525973681,0
-3.7013698691625407,-2,0,0,-1,-10,2.7829842254978017,0.029583656581329193,0
-5.6904109640880876,1,0,1,0,-3,1.3133005775364195,-0.10585294371174898,1
-0.9808219230952524,-3,-1,-3,0,-21,-5.899244332493702,0.05037783375314861,0
0.8931506785770509,2,1,1,0,-26,-0.03465998983136531,-0.2575107296137339,1
2.1753424588786743,-1,3,3,-3,-62,-2.034292031962832,0.07366482504604052,0
-5.2767123350652625,2,2,2,-2,-14,1.7743653250774,-0.3925696594427244,1
-2.3287671295394503,-1,0,0,0,4,2.967266215998713,-0.12232415902140671,0
-0.2493150748804851,-3,-1,0,-1,12,-0.12868220508935302,0.04787980747805161,1
1.9315068437117304,2,0,0,-2,-29,-0.8209112568259931,-0.007484872124649475,1
-3.857534253107307,-2,1,0,1,-24,-0.35678246392543445,0.025612702576231716,1
-3.2109589111905805,-1,0,0,-1,-21,1.5753262028385695,-0.16879758598892375,0
-8.334246582314726,0,0,1,-1,14,0.9914500454784811,-0.014964814016946722,0
-0.13150685575618581,-3,-1,-1,-1,-1,1.0858149215497916,-0.061799551713096396,0
0.8410958840400156,9,0,0,0,20,4.5470828730740624,0.0,1
-3.479452060908674,-1,2,1,0,1,1.3228195820076178,0.04334258733221252,1
-0.9013698708561648,-1,0,-2,0,10,-1.025646794150731,-0.147331583552056,0
-7.221917814501992,-2,-1,-1,1,-10,1.3338280474208548,-0.024628157835303213,1
-9.816438366474415,3,0,2,-1,-25,-2.9302128796650924,-0.07281553398058252,0
-7.457534252106257,6,1,1,-2,42,-2.076676805063372,-0.07761966364812418,1
5.654794515516812,-1,-1,2,-1,-9,0.8662989136342025,-0.1673353416135241,1
0.7972602676225904,-6,-1,-2,0,-6,-0.34247988446461797,0.06062433543349571,1
-1.947945211371426,-1,2,2,0,-27,0.86082390010503,0.07916909791107479,0
-9.084931513864788,-4,0,0,0,-3,-0.5921395955642526,-0.10795825179386823,1
-5.189041103354512,-2,2,0,-1,-15,0.7756249407179383,0.025839793281653745,1
-11.090410963664603,-4,1,-1,-2,7,-1.9697841602107995,0.031185031185031183,1
4.632876706000857,-3,0,1,0,6,-2.62550443839123,0.07609384908053267,0
-6.939726033433889,-2,1,1,0,-15,2.067985122666476,0.05724605842623151,1
-4.260273979525721,-3,0,0,1,-26,-0.3810364065703089,0.0711523989931754,0
-1.931506856454721,-2,0,0,2,29,0.8209112568259931,0.007484872124649475,0
10.676712322786017,1,1,2,-1,-52,4.145360615883306,0.375,0
12.87671232186026,-1,-1,0,1,-1,-4.4152211225943105,0.021984442902530765,0
-0.8273972655638318,-4,0,-2,-2,4,-3.7484690034926125,-0.04701688431832149,0
-3.200000007150365,2,-1,0,0,0,0.687645653203085,-0.14275269851833416,1
-5.139726036616224,2,1,0,-1,-22,0.5442754851645801,-0.14744787021073907,0
-0.6767123371763049,1,0,1,0,6,-1.6417170212105017,-0.06808441353247346,1
-12.235616445115586,5,0,-1,1,-5,2.22196596643986,-0.026009736728934117,1
-9.419178087188545,3,2,-2,0,-6,0.8214115181168191,0.14140812812514858,1
-6.526027402985321,5,1,-1,0,-22,-1.2848571801226032,-0.09943915481935567,0
-9.054794527863429,4,-1,0,0,6,-1.3575757575757574,0.03636363636363636,1
-8.350684938150529,2,1,-2,0,13,1.0675629762655925,-0.09610250934329952,0
-3.665753432670847,2,-2,0,0,5,0.9929229771664123,-0.05002084201750729,1
1.1671232800795295,-1,0,0,-1,-7,0.2347974196844227,-0.06766390075633752,1
1.868493145007136,-5,0,0,0,10,1.7175293751748437,-0.054570259208731244,0
0.7671232784257,1,1,-2,0,-22,-0.1245382854943391,0.10230179028132992,1
9.084931500916355,1,1,0,0,30,-1.8825657005323415,0.11879064036133631,1
-1.7616438431631494,-1,1,2,-1,-21,-4.70762078188479,0.05048380311316786,0
4.887671225249711,-5,-1,1,1,5,0.5731427563084526,-0.08248926533733311,0
-3.4383561698416756,-2,2,1,-1,-1,0.4205802528060696,-0.04697183979203469,1
-5.219178091119261,2,0,0,0,-12,-0.7398652340193044,-0.061700965215807695,0
-1.4191780886579437,-3,-1,1,0,-6,-1.4849966564199333,0.08895478131949591,1
-1.7890411031095894,-2,0,2,1,-3,0.3134248049502286,-0.11923594296475654,1
0.7726027342869699,-2,0,1,0,5,-0.7887096500346171,0.04400836853235637,1
-2.6000000063796875,0,1,2,0,-17,0.4401913875598087,0.0,1
1.8493150645252072,1,0,-1,1,8,-3.528440366972477,-0.016921508664627927,1
-14.378082200093072,2,2,1,0,-41,-1.8661604627647073,0.06974208418368022,1
-6.189041102153542,-3,4,3,-3,-16,-2.5215408501620757,0.008816390697114512,0
-0.48219178671455154,-1,1,1,-1,-9,0.48458662235147454,0.09970918155380142,1
2.2767123233745536,-5,1,1,-1,-33,-0.8903051981428582,0.1289213579716373,0
3.8164383508605404,-2,1,0,-2,-9,3.259267556411822,0.06870229007633588,1
3.2109588986367683,-8,1,0,0,-2,4.218726888610427,-0.14040561622464898,1
-3.5342465822247924,2,1,-1,-1,-51,2.7517832119941414,0.0346369833426401,1
-8.087671239450529,2,1,-1,-1,-24,1.0865973062907965,0.01141769526045881,1
-8.956164391101854,0,0,0,-1,-26,-0.6837807314742417,-0.04814525236730084,0
-4.545205484032888,4,1,0,2,-7,0.5910593090551499,0.22021247440795733,0
4.978082185522165,0,-1,1,0,-23,2.2821059038344496,-0.006086427267194133,0
-1.5972602790218815,-3,0,0,-1,2,-1.2172554448795538,0.01970208250137763,0
-5.843835626617867,-1,1,0,0,-43,-0.8540827147401906,-0.08280900200306349,1
4.339726021159088,-1,0,1,1,-10,-0.18582629060177114,0.03278688524590164,1
8.715068487206079,-3,-1,-1,-1,-5,-2.8439571539061923,-0.05016722408026756,0
3.96986300582477,0,0,0,0,4,-2.0275376384299886,0.11261393525973681,1
1.5999999930558744,-1,-1,-1,0,-5,0.10910766145515582,0.39534046843595655,0
2.09315067906266,1,0,1,0,-22,-1.8582014908639235,0.1626207266369507,0
-0.8000000057665844,-1,1,0,2,6,-1.5053639094281386,0.07545661269692838,0
3.5753424605467075,0,-1,-1,0,13,-3.748616968394722,0.19073809791062007,1
5.27671232303625,-2,-2,-2,2,14,-1.7743653250774,0.3925696594427244,0
3.9506849244172315,1,0,1,0,-15,-0.5265203107152807,-0.05039899202015959,0
-5.5287671296615315,-1,4,2,-4,-49,1.4314779270633387,-0.345489443378119,1
-2.4410958965572647,-7,1,2,0,-27,0.6860092226900418,-0.06448146157979581,0
-6.841095899216839,-1,0,-1,-1,-10,0.7497356789485581,0.0,0
1.660273967761956,-2,-1,-1,0,5,0.7186801855989002,0.02268431001890359,0
-5.243835622919171,2,1,-1,1,3,0.3621859330169199,0.05421929048346874,1
-4.663013704991442,-2,0,1,0,-9,-1.6114695340501797,0.1068100358422939,0
3.63287670660198,-6,0,-4,1,11,-2.401643451935552,0.00842320603560126,0
-2.3616438415676058,-1,0,-3,1,-5,1.7515027010575972,0.042709680691876556,0
0.09041095339583194,-2,-1,-1,1,-12,2.117583522105042,0.001040119613755594,1
2.189041089659405,1,-1,2,1,-7,0.4620598358485566,-0.01579737004677434,0
-2.405479461233135,3,-1,-1,-1,-16,1.3027619299505044,-0.10054029546227378,0
6.704109580936141,-3,0,1,0,13,0.49452133794694353,0.0792964244521338,1
-4.758904116088274,2,1,-1,1,1,0.3478086924895436,0.021022004000727408,1
0.08767122662342075,-3,0,-1,0,23,-0.7161519445931379,-0.13601105323380733,0
0.36438355548588675,4,-1,0,0,-3,-0.4222222222222225,-0.15555555555555556,1
2.9643835560845737,0,0,1,2,1,-1.0296143723538167,-0.05799290536674677,0
5.235616432100613,-1,-1,-2,1,2,-1.3429452251491516,0.030030030030030033,0
-0.6027397322237817,-2,0,0,1,13,-1.3849313010233897,0.04307250538406317,0
1.6931506796446563,-9,-1,-1,2,4,-2.800680938538873,0.0,0
-0.1424657589722571,-2,-1,2,2,-9,0.1860082304526749,-0.13662551440329218,1
-8.893150692205388,4,-1,0,2,-19,0.2056696492403094,0.0026639976520698716,0
-10.4602739816158,2,1,-1,-1,-29,-1.0571385376799256,-0.03203450114181593,0
-13.824657542884516,1,4,0,-1,-51,1.3455169885892775,0.08322974437432268,1
-10.98082192769051,3,1,0,0,-38,2.2037647421825004,-0.03805812855329076,0
-5.561643841369989,-1,0,-2,0,4,1.6940149071086887,-0.087607075314273,1
-6.372602749898025,0,1,1,0,1,1.4230579851710683,0.0,0
-0.8410958973307636,2,1,2,1,10,-3.686462303231152,0.0,0
-1.6246575400493377,2,-1,-1,0,6,1.7422360248447202,-0.0751552795031056,1
-8.16164384290326,5,0,1,0,-26,-0.05320031903996547,0.0,0
-2.2164383649827215,-5,2,3,0,-24,2.2109931437746595,-0.04198740377886634,0
2.6520547867369686,-9,1,0,1,-17,-0.12284385547415733,0.12178619756427606,0
1.027397255124967,-5,0,-1,0,5,1.4078095267007873,0.0,1
-3.6904109675296155,-3,0,-1,2,-36,-3.125006158389556,0.08718168164152404,1
1.290410953965754,2,1,2,2,-11,-1.2710382513661203,0.014207650273224015,0
-6.391780832640443,-2,-1,2,0,8,-2.1447840853954387,0.13100436681222707,1
5.252054788456178,1,1,1,1,-1,-1.1115325734615074,0.16704784217474572,1
-5.090410964989019,-3,1,2,0,-21,0.22819199549951108,0.365208555151467,0
2.3397260209373343,-1,0,1,1,-14,0.8802739011023157,0.01813787018280788,1
1.08219177254297,-1,2,2,-1,-33,0.8297653561885863,0.25412960609911056,1
2.6054794443567744,1,0,0,0,-8,1.293856009559531,0.07414445513990772,1
7.13698629470008,-5,1,0,-1,-57,-0.07261167327151741,-0.08891539379015816,1
13.649315059929577,0,0,0,0,14,-3.554632200380158,0.08100810081008102,0
7.471232870549436,-4,0,-1,-1,-8,-4.2861425915932125,-0.010472078739752769,1
12.235616431949232,-7,-3,0,0,-29,1.0168834422181492,0.07722007722007722,0
3.120547940031102,1,-2,-1,-1,-7,-2.156009837728627,-0.016815355040557187,0
-12.808219184175769,2,2,0,0,0,3.266666666666666,0.06666666666666665,1
1.5424657455925015,-9,1,-1,-1,-56,-1.9431678823520377,0.12678288431061807,1
-10.128767131067384,2,3,0,0,-69,-0.8263888888888891,0.0810185185185185,0
-2.8547945285103324,1,1,2,0,-37,0.3944234398837412,-0.1342281879194631,1
3.7999999939207854,1,0,0,0,-15,-4.667296938488153,0.0,0
0.6027397212812957,2,0,0,-1,-13,1.3849313010233897,-0.04307250538406317,1
-1.8986301435521966,0,-1,0,1,-5,-3.659213216406677,-0.030105368790767684,1
-2.5863013753333988,-2,0,0,1,4,-2.192322545763498,0.037383177570093455,1
-4.1315068571146725,1,1,2,-1,32,1.0376426503151084,0.0,1
3.145205474143207,1,-1,1,0,20,-2.663615560640732,0.0,1
2.9260273909934114,-2,-1,1,0,20,-0.7508373181992427,-0.3730017761989343,0
0.6054794457259973,-2,-1,0,0,-15,-2.950485364949981,0.0,0
1.526027391783046,2,-1,-1,-1,0,-2.1924776656091387,0.0,1
1.8356164330652902,0,0,-3,-1,6,2.354354755021867,0.0044177599881402435,1
0.6547945132688398,0,0,-1,0,5,0.03125110093815531,-0.08547770181448422,0
-10.983561653089676,-3,2,0,-2,7,-0.18063384579221697,-0.07961079168509508,0
-3.145205485302224,-1,1,-1,0,-20,2.663615560640732,0.0,0
1.854794514446727,2,0,-2,1,41,-3.064464041733947,0.0,0
3.7150684881347047,-1,-2,-1,2,31,-0.31313459840767965,-0.15177065767284992,0
-5.7972602821100665,0,0,0,1,-11,0.4865230525198565,0.014835722366717596,1
3.7808219117382365,-1,2,-1,-1,0,2.035513103110458,0.0229406482161809,0
5.4547945138722085,0,1,0,2,-10,1.660609348160202,0.033161558629418664,0
-1.2493150752573854,0,-1,-1,2,6,3.3299761728177737,-0.10125350024866077,0
1.1369862948023197,-3,1,1,3,9,-0.26370261197085076,-0.1111111111111111,1
-2.723287677571154,-1,1,2,-1,2,-2.021311726075062,0.03782812104484765,0
-4.720547953929,2,2,1,-2,-20,2.205563640551548,0.057416267942583726,1
1.5671232790594232,0,1,2,-2,-41,-0.6374339003894236,-0.08891166222586593,0
-7.501369869406897,3,2,0,-1,-6,-5.523967563503572,0.18644541109500026,1
-5.295890417238521,2,-1,-2,0,-14,-0.45310841799251556,-0.11438425551947573,0
2.5698630084571015,5,0,2,0,-2,-2.5652943335327567,0.00450964521107855,1
-4.484931512940584,4,-1,2,2,-6,0.5486642221058147,0.16635818636866306,0
-5.134246581553597,3,0,3,1,-8,3.341269841269841,-0.26666666666666666,0
-3.172602745654366,3,-1,2,0,-11,-1.0187482768127927,-0.31822442790184724,0
0.24931506296952222,3,1,0,1,-12,0.12868220508935302,-0.04787980747805161,0
-2.273972609366151,3,0,1,0,-47,-2.6647329942784475,0.03305785123966942,0
1.7369862951365391,2,-1,1,-1,-14,-0.0355771298657408,0.03823466158714554,1
-13.887671240547757,-3,2,3,-2,-33,5.321304758023548,0.061296607472826864,0
-9.452054800673679,-3,1,1,0,-9,-0.13306620696081684,-0.023482271816614636,0
-10.315068498506182,-2,1,2,-1,31,-2.428108082745353,-0.1787107255761031,1
12.1726027306336,-2,-1,-2,1,-12,1.0344811857453102,0.09102911401065833,0
-10.789041105881815,1,-1,1,0,-15,2.8305551809038714,0.0,0
-1.0602739780807013,0,-1,1,0,11,-1.1776927820464804,0.0,0
2.487671227138417,-2,0,1,-1,-7,3.0193275540695286,0.0,1
-0.5534246635456981,1,0,2,-1,-5,-0.8242785974882203,0.09111617312072894,1
4.230136979612212,-2,1,2,0,-4,-3.2318282664747855,-0.10095340888649038,0
2.4547945135888796,0,0,1,1,0,-0.22882240923889707,0.03424657534246575,1
-0.60821918792373,5,1,0,-2,-19,-1.0013625879866268,0.05663048607833884,1
-2.5945205546918046,-2,0,3,-2,1,-0.3229970561456226,-0.09844764343673675,0
1.6109588975728997,-2,2,1,1,0,-1.131019411372919,0.0034104313727588015,1
6.791780816215727,-2,-1,-1,1,0,-1.432655887691614,0.03926701570680628,0
3.5616438293503236,2,1,1,0,-5,1.2674746335963927,0.1183320477066398,0
3.172602733819865,-3,1,-2,0,11,1.0187482768127927,0.31822442790184724,1
-2.6821917873396686,2,0,2,0,-9,0.4453429347184512,0.04981479542857653,1
-1.5150684991580405,-1,-1,0,0,-11,2.0364112292530723,-0.09958656764387375,1
4.684931500036598,2,1,1,0,8,1.1322655069702794,-0.09448818897637795,1
4.208219167643136,-3,-1,-2,0,11,-1.6895419388892368,-0.08212357792819457,0
-0.9863013780226098,1,1,3,0,-13,-0.8129968088192632,-0.01201044386422978,0
-1.569863019600355,1,1,2,-1,8,-5.661126997941618,-0.14897702626162154,1
0.6684931435983685,-3,-1,0,2,-24,1.731410256410256,-0.14647435897435898,0
-3.443835623245249,-2,0,1,0,-18,1.216997717599161,-0.09484300783418667,0
-10.484931513063195,5,2,2,-1,-64,-0.24108205500617208,-0.1551991722710812,1
-4.553424665680069,0,1,0,-2,-21,-2.141984191125742,-0.051546391752577324,0
-8.841095898398919,1,2,2,0,-26,0.4738935595934546,-0.06353880128627329,1
-6.671232886642478,0,1,3,-1,-34,-2.1404098211524434,-0.04627473108161183,1
-1.02191781574912,-8,0,3,1,-3,0.30136530136530126,-0.0203962703962704,0
-1.5287671301076102,-3,1,2,-1,18,-0.5281949440923119,-0.07940224138332139,1
-8.750684938399864,0,0,1,0,48,-0.3360847013158046,-0.0566422721023994,0
3.5342465696624217,-2,-1,1,1,51,-2.7517832119941414,-0.0346369833426401,0
1.7123287610945255,1,-1,2,-1,40,-0.9654416074092151,-0.14346717510273108,1
7.610958897274191,2,-2,-2,0,33,-1.8946612672641274,-0.8241436425813847,1
3.079452047678018,-3,-1,0,0,-2,-2.3200706509421423,-0.16732706540682907,1
3.8547945148329177,1,-2,1,1,2,0.47665198237885464,-0.002803364036844211,0
-4.279452060752099,-5,2,2,0,-24,0.11581695821125937,-0.14268727705112963,0
-5.3178082240060185,-4,1,1,-2,6,-0.193698919961097,-0.11875309252845125,1
4.936986294152135,1,1,2,-1,-38,0.3769156095204109,0.11917865141445677,1
1.8273972550908795,1,1,2,-1,-4,0.4939411207103759,0.09976693501997125,1
-5.586301377794836,0,2,1,0,-2,-0.09367530202209418,0.08915304606240713,0
-5.304109596498474,4,2,2,-1,-4,0.41999002509191996,0.04143646408839779,1
0.5999999948139632,-3,2,0,-1,8,0.9857044848573051,0.12430939226519337,0
-4.490410963549685,2,2,0,-2,13,0.42364936130317554,-0.1281300050783234,1
-3.079452062344302,3,1,0,0,2,2.3200706509421423,0.16732706540682907,0
2.3095890351939374,4,1,1,0,16,-0.2197853137224124,-0.23508242212644564,1
-1.660273978093766,2,1,1,0,-5,-0.7186801855989002,-0.02268431001890359,1
-11.775342473604326,0,1,-1,-2,-19,1.3981634527089075,-0.11000918273645546,0
0.2027397197362646,-1,-1,-2,0,-6,-0.4833396255703737,0.0225140712945591,0
-17.60821918430233,-2,1,1,-2,-34,-0.7416617018913265,0.10686047803213136,1
-6.495890416722062,-2,1,0,-1,-6,-1.5464589615558335,0.05156816544786417,1
-3.7150684990897034,1,2,1,-2,-31,0.31313459840767965,0.15177065767284992,1
-3.227397266580354,-2,0,-2,-1,1,-0.5840972283628578,0.1306727188768041,1
-0.36438356740448796,-4,1,0,0,3,0.4222222222222225,0.15555555555555556,0
1.1698630082679138,-4,-3,0,1,14,-0.666666666666667,-0.42222222222222217,0
-5.375342472993246,-5,0,-1,-1,5,-3.3504187061471606,0.0040565163978354205,1
-4.50136986996829,-9,1,-1,-2,17,-0.897215797138696,-0.025854536108969414,0
-2.49863014469819,1,1,1,-2,-9,0.0036156814950238925,-0.04302254722730042,1
-0.0876712411686924,3,0,1,0,-23,0.7161519445931379,0.13601105323380733,1
-2.898630143482684,6,0,-2,1,-5,-2.098569917584257,0.12919896640826872,1
1.852054788238238,-7,0,0,-1,-2,-2.8343686497828315,-0.020774300459140343,0
-3.695890416739637,-1,1,0,0,-14,0.06434040023839138,0.11875309252845125,0
-2.7397260326674626,-2,-1,0,-1,7,-1.9616717558866181,0.11379558105875774,0
-6.213698644768705,1,1,1,-1,-1,1.1060927678339114,-0.1234713301652949,1
-4.216438362080986,3,0,0,0,11,-0.5111111111111111,0.02222222222222222,0
-9.723287677333047,2,0,-1,0,5,0.21758029461482753,-0.05723255252354502,1
-8.624657539948636,10,1,1,-1,-29,-0.0809941025206724,0.0,1
-3.556164389313267,-1,1,2,-1,-18,-4.427088503481429,-0.08565310492505353,0
-2.4958904171193197,-1,1,1,1,-3,-1.658437535386816,0.021592744093407223,1
-1.356164393930392,3,3,5,-1,-45,6.220430588520096,0.1973486861840132,1
0.46301368848268964,-1,1,-2,-1,-28,1.1199689199689207,-0.18508158508158506,0
-3.2904109650389657,-3,1,1,-2,-10,0.8837244566960081,-0.1922440446304417,1
0.9315068407337606,2,0,1,-1,3,-0.38292330975257793,0.04329004329004329,0
0.8109588978176419,-2,-1,1,-1,-1,-1.515135722041259,0.06801302931596095,0
-2.9534246647876117,0,2,3,0,-15,1.2208324847429304,0.06350031251536242,1
2.1260273899330997,4,2,0,-2,-29,2.9815932995714842,-0.030823918971562128,1
0.5835616363189615,6,2,3,0,-52,0.5663129973474792,-0.2030503978779841,1
6.446575336192282,-1,2,3,-1,-23,0.8613825109916959,0.00134342940889106,1
-0.8493150757288177,1,1,0,0,-7,2.031716986886246,0.030303030303030304,0
1.7534246498274655,1,0,0,0,-11,-2.874595791805094,0.0,1
-9.87397260935185,-1,1,1,0,-36,0.47528005974607934,0.08737864077669902,1
-10.723287680121537,0,0,0,0,-20,0.21042606516290752,-0.004110275689223057,0
-8.120547952898647,0,1,-1,1,-19,-2.2569713957165445,0.0,0
-1.1698630207376723,3,1,0,1,-12,-2.326137624861265,5.5493895671478166e-05,1
-2.013698637153155,1,-1,-1,1,24,-2.237324856880792,0.0617283950617284,0
-8.978082198735507,-3,-2,-1,1,32,-2.1654408185099445,-0.19634341770513436,0
-2.616438361266649,-3,0,0,-1,-2,-8.34384493755219,-0.26649137456251004,1
8.334246569881635,0,0,-1,1,-14,-0.9914500454784811,0.014964814016946722,1
6.095890403700558,1,1,-1,-1,-21,0.9109287900021812,0.06433660196536053,1
9.043835610086951,-5,2,-1,-2,-13,-0.8929922670528372,0.030565461029037184,1
5.673972597623987,0,2,-1,0,-19,2.3086315346814397,0.046172862601527344,1
14.04109588261139,-7,1,-1,-1,11,0.9411032401055892,-0.22019948441163312,0
5.0191780728329505,-1,1,1,1,-38,1.6186866323506486,-0.049103104039931345,1
8.50684930976496,-6,0,-2,0,23,-0.34081215022554234,0.013509562954663143,0
3.320547937651007,0,0,1,0,6,-2.973612904501827,-0.024807655902555084,1
8.049315061170766,-1,1,1,0,18,-4.53853427895981,0.009929078014184398,1
0.8438356097485418,-3,-1,-1,1,-12,0.17658975619506556,-0.015347879874883171,1
0.40273971751356896,-6,-1,1,0,-13,1.4643346295619408,0.20161272564727026,0
0.05205478623908277,-1,-1,2,-1,-2,1.097101189078706,0.08410556698752919,1
3.4356164323470963,-6,-1,1,0,4,-2.733951869807882,0.14962593516209477,0
-3.6136986350010147,-5,0,-3,0,11,-2.7561025086212725,0.34214618973561434,1
-5.690410963818753,-2,-1,2,0,15,-0.09097425871619436,0.04353209514499836,1
-5.936986319792176,3,1,2,-3,-45,1.6989537168182023,0.0,1
4.145205471640381,3,-2,0,-1,8,-3.8993125708372345,0.0,0
-5.076712336206079,-9,1,0,0,-6,0.6857148613526922,-0.030959752321981428,1
-4.635616444685468,-5,0,1,1,10,-0.4978457358716222,-0.032555615843733045,1
-1.8547945261939027,-2,0,2,-1,-41,3.064464041733947,0.0,1
-8.106849322342274,-4,0,1,0,-10,6.481176408304865,0.0,1
-2.928767129257391,-6,1,3,0,-13,0.6088918127094276,-0.015580368735393403,0
-0.8410958958577517,-9,0,0,0,-20,-4.5470828730740624,0.0,0
0.4602739667418234,-5,-1,1,-1,-1,-3.0218978845797944,0.2698650674662669,0
-5.31506849880838,1,2,1,-1,-19,1.3508296085133464,0.0,1
-3.4136986363250585,1,2,0,0,-20,4.10720250213921,-0.046620046620046623,0
-0.3369863076294983,-1,1,1,1,7,2.598443029016277,-0.044444444444444446,0
-9.405479458759551,-5,0,-2,0,-8,1.170247771587011,-0.2193841976281305,1
-3.632876716900242,6,0,4,-1,-11,2.401643451935552,-0.00842320603560126,1
-0.7534246644385405,-1,-1,-1,-1,-2,1.420873436118423,0.05253761277055617,0
2.2767123218022576,-6,1,0,0,11,1.68447561833398,0.01891247864720154,1
-4.189041101519372,2,-1,0,0,30,2.3726042476042473,-0.0383644133644134,0
-4.065753432475141,0,1,-1,2,-40,-2.2496517634671096,0.1363457953426183,1
2.717808211559394,-2,0,-2,2,11,-0.48299570288520544,0.10570902394106814,1
-2.419178088390474,1,2,-1,-1,-35,1.1624896565915424,0.12652889076339097,1
2.9589041038435724,-2,2,0,0,-28,-0.37342655962045335,0.10483401281304601,0
5.090410953993242,3,-1,-2,0,21,-0.22819199549951108,-0.365208555151467,1
1.0054794450529343,2,-1,0,0,-5,1.2642798324071531,0.018193871156525297,0
8.421917799844024,-1,-2,0,0,-15,0.7694444444444445,-0.3638888888888889,0
-4.802739730902175,4,1,0,0,9,2.2222222222222223,0.15555555555555556,1
-9.515068500287008,4,2,-1,0,-43,2.8651884700665198,0.23215077605321513,1
-2.5397260363823264,6,2,0,0,-24,-2.314584716740948,0.0938349073974732,1
-5.095890417944851,2,1,-1,0,-10,0.9523591328592729,0.29083363952709274,1
0.786301364503835,4,0,1,0,-11,-1.137435897435898,-0.07487179487179488,1
-2.4931506925488662,2,2,-2,0,13,-0.46133699781747683,0.10243310969202166,1
-0.8082191864075057,5,0,-1,0,31,2.568027240811944,0.023904340404564753,1
6.221917802166097,-12,0,-2,-1,-9,-1.6688346883468834,0.15555555555555556,0
5.452054788154264,2,0,-1,-1,7,-0.28696264975334795,-0.062344373972280945,0
-14.90410959598735,0,0,0,0,-15,2.172310854581228,-0.08982035928143713,0
-2.4876712379790114,2,0,-1,1,7,-3.0193275540695286,0.0,0
1.0054794448460136,-2,-1,0,-1,3,0.5575343188708346,0.012208780705200761,0
-4.520547951983001,-4,-2,-2,-2,-32,-0.5354140347101324,0.0202193227499812,1
-5.515068501045189,0,0,1,-1,-32,-0.9203394325112706,-0.08247149297268629,0
3.70684930966609,2,1,0,-1,7,-2.5489595602669803,0.044444444444444446,0
-5.25205480125701,-1,-1,-1,-1,1,1.1115325734615074,-0.16704784217474572,0
4.917808210829115,-1,0,1,-1,-14,0.48279170561037554,0.04114937014582179,1
5.671232868932464,3,0,-1,-2,-7,0.5818811043690191,-0.06621314341932397,0
-2.476712336641903,3,0,1,0,-18,-0.20642966411317065,0.008709848018373812,0
-12.315068498779961,4,1,3,-1,-11,0.8460014154281672,0.006652512384996465,1
5.00273972099933,3,1,2,0,-7,0.7637522165279913,-0.019111230358526694,0
1.8931506797131803,-2,-1,1,0,-4,-0.005660666999271591,0.08174386920980926,1
-6.235616447432811,0,2,2,-1,-20,2.582791995589732,0.0606980273141123,0
-11.136986309577434,2,1,2,-2,-17,-0.20031865585168163,-0.011832605401550955,1
-5.443835622415531,-1,-1,1,0,5,-1.1480863107266286,-0.010151985210339103,1
-7.73972603403967,2,1,2,-1,7,0.9090082808945539,-0.0379108493403946,1
-8.600000006388516,-4,-1,-1,0,-10,1.7776179056754597,-0.14788169464428458,1
-7.073972607059144,2,0,2,0,-1,-1.4389210019267824,-0.044444444444444446,1
2.1999999932954424,4,1,1,-1,-28,0.5775871515799715,-0.08256880733944953,0
-3.4356164443960253,6,1,-1,0,-20,2.733951869807882,-0.14962593516209477,1
-6.334246581037828,1,1,1,1,5,-2.0988997010748585,-0.030299561152451818,1
-1.7890411009821534,0,1,1,-1,1,-0.9346733490545187,0.06545579345689737,0
-5.02465754076319,3,0,-1,0,2,-0.22593869485665907,0.010802039539271585,1
-9.863013704638945,-1,0,0,0,-7,-0.996912521440823,-0.022298456260720398,1
7.457534241578578,-6,-1,-1,2,-42,2.076676805063372,0.07761966364812418,0
0.8465753345594536,-1,4,3,-2,-39,-0.9780656434934265,0.0,0
2.9013698512492354,0,1,0,-1,-20,2.058582247881601,0.128068303094984,0
-3.416438362000825,5,3,0,-2,-32,2.564710795801185,-0.03644140781210978,1
-2.0575342544068107,1,2,0,-2,-30,0.9378518461951169,0.11701608971233546,1
3.180821910755867,2,1,-1,0,-24,-2.224784561233159,0.03669134603714043,1
2.3972602671415792,2,1,-2,-1,24,0.7165188698700762,-0.05438234687564446,1
-1.5397260332162972,-1,2,-1,-1,30,3.0209881175734834,-0.016285178236397753,1
-1.0328767204644578,0,0,-1,-1,-4,-1.5572060123784264,-0.01980548187444736,1
-6.652054799328425,3,1,2,-1,4,-0.5762144458233811,0.08547395671345998,1
-0.06301370463660305,5,2,1,-1,-28,1.4607362001253268,-0.13252346769740475,0
-9.183561653720055,1,0,-2,0,-26,-0.3786863270777472,0.2949438202247191,1
-6.054794528360027,4,1,2,0,12,1.9462679758075065,0.18534831219453285,1
-7.216438364830395,4,1,-1,-1,33,-1.1101476163587956,0.1863354037267081,1
0.33424656897066995,1,1,0,-1,39,0.8231970567256077,0.14087547396478584,0
-7.136986306937025,5,-1,0,1,57,0.07261167327151741,0.08891539379015816,0
1.1232876618085257,2,-1,-1,1,46,-2.4434159069461856,-0.07833996279688732,0
7.3561643768414235,7,-1,-1,3,23,-4.722526550105442,0.2172928927116342,1
-4.531506858486331,6,-1,-1,2,15,-1.1190080088123342,0.2974917290056322,0
5.528767118562463,1,-4,-2,4,49,-1.4314779270633387,0.345489443378119,0
3.320547939862088,5,-3,1,4,40,0.8342909615636884,0.22988324806506621,1
0.1205479393501463,-1,-2,-2,2,18,0.29392066261950944,0.23742227247032222,0
-2.912328772436709,-2,0,0,0,-7,-0.19667186687467497,0.08888888888888889,1
-3.0000000068080652,-1,0,2,0,-17,2.5889391180663694,0.049552382300745074,1
-6.391780829338849,-6,-1,-1,1,-13,2.1932355031564863,-0.0018581230170343632,1
-7.991780828394347,-4,0,1,1,-1,1.567249727670399,-0.21276335718644618,1
-6.964383568866317,-4,0,-2,0,1,-2.739401999149763,0.03253796095444685,1
-11.043835632175167,1,1,-1,0,-32,2.280343311731144,-0.09935214384760138,1
-13.649315074323631,0,0,0,0,-14,3.554632200380158,-0.08100810081008102,1
-1.4136986356907997,-7,0,1,0,-14,0.2262133120791594,0.0,0
2.013698625194124,-1,1,1,-1,-24,2.237324856880792,-0.0617283950617284,1
-6.767123294280921,-4,1,-2,0,-1,-0.5589074189735679,0.034158838599487616,1
0.8438356100488669,2,2,0,0,-4,1.009532019623392,-0.21439640961690953,1
2.753424652570395,-1,-1,-1,1,3,0.6502564102564103,-0.09025641025641026,1
-3.7287671288363136,-1,0,0,-1,-17,-2.1625319502293197,-0.03601440576230492,0
0.594520540386803,-2,3,3,-1,-7,-1.25397038029322,0.13852794522586886,0
-3.715068500456077,-2,1,1,-1,-4,-0.29038572251007455,0.07783534830166955,1
3.0164383504732655,-3,0,2,1,-6,0.044349070100142995,0.028612303290414875,0
0.5917808065312968,-1,0,1,0,-9,3.1891383370560846,0.17399710004833252,1
-2.410958909936923,-2,-1,-2,1,6,3.4573422045446796,-0.013815866663292542,0
-2.136986308485543,1,0,2,1,-1,0.6385609670086749,0.12108980827447025,0
-6.7095890475489846,0,1,2,1,12,4.86206769683591,-0.03922001471670346,1
2.5561643781853753,0,0,-1,0,5,0.28151183970856053,0.044444444444444446,1
0.8767123229816107,-2,2,0,-1,-42,0.9727083866928479,0.15723270440251572,1
-2.9671232953885323,0,2,-1,0,-26,-0.553652058432935,-0.0015050907481186093,0
-5.693150689137802,-1,1,0,0,7,0.5371204001429082,0.06195069667738477,1
-3.2438356230795904,2,2,1,0,-29,-1.7219091605065322,-0.0378686144822768,0
-4.353424665334352,1,1,0,0,-27,1.5939537167060545,-0.11626765306937925,1
2.0547945131792815,-1,0,0,1,-25,1.6098115898889818,0.0,1
7.295890405109276,-2,-1,2,1,5,0.09339452092893907,0.023751912112362675,0
-0.38630137644138074,-2,-1,1,-1,27,0.5364267742901827,-0.034202077119159596,1
-1.632876718685381,3,0,1,1,-2,-0.47217134000281646,0.0,0
-1.8493150734266592,-1,0,1,-1,-8,3.528440366972477,0.016921508664627927,0
-0.5232876767990149,0,2,0,0,-13,3.6444444444444444,0.06666666666666667,1
-13.758904118191143,0,2,1,0,-8,1.9522210184182014,-0.012513542795232951,1
-6.43013699518804,-3,3,0,-1,-6,1.504080345305808,0.12279983626688497,1
-3.5369863091812555,-4,0,1,0,31,-2.613621004986398,0.08143875127248049,0
-2.1945205556301914,6,0,-1,0,-9,1.1666666666666665,-0.04276485788113695,0
0.6794520485326636,1,0,1,0,-22,0.7691442172454828,-0.022222222222222223,0
-4.915068503924811,-2,-1,0,0,15,0.37330923267002714,-0.03683241252302026,1
4.2164383488690085,-3,0,0,0,-11,0.5111111111111111,-0.02222222222222222,1
1.2739725955425882,2,1,1,0,3,-2.4431907169681035,0.05680302829393265,0
